62016CO0491,61991CJ0083,N22
62016CO0491,61991CJ0083,N23
62016CO0491,62004CJ0094,N25
62016CO0491,62004CJ0094,N24
62016CO0491,62013CJ0341,N17
62016CO0491,62015CJ0436,N48
62016CO0491,62015CJ0436,N35
62016CO0491,62015CJ0436,N46
62016CO0491,62015CJ0478,N27
62016CO0491,62015CJ0478,N24
62016CO0491,62016CO0091,N13
62016CO0491,62016CO0091,N23
62013CO0175,62006CJ0210,N8
62013CO0175,62006CJ0210,N10
62013CO0175,62009CJ0283,N44
62013CO0175,62009CJ0283,N17
62013CO0175,62011CJ0363,N19
62013CO0175,62011CJ0363,N17
62013CO0175,62012CJ0562,N13
62013CO0175,62012CJ0562,N20
62011CO0586,61962CJ0025,N25
62011CO0586,61996CJ0404,N31
62011CO0586,61996CJ0404,N43
62011CO0586,61998CJ0452,N30
62011CO0586,62000CJ0142,N30
62011CO0586,62001CJ0486,N31
62011CO0586,62001CJ0486,N43
62011CO0586,62003CJ0543,N19
62011CO0586,62004CJ0417,N19
62011CO0586,62004CJ0417,N31
62011CO0586,62004CJ0417,N32
62011CO0586,62004CJ0417,N43
62011CO0586,62006CJ0015,N31
62011CO0586,62006CJ0015,N32
62011CO0586,62006CJ0015,N43
62011CO0586,62007CJ0445,N30
62011CO0586,62007CJ0445,N31
62011CO0586,62007CJ0445,N32
62011CO0242,61993CJ0019,N18
62011CO0242,61998CJ0352,N22
62011CO0242,61999CO0111,N18
62011CO0242,61999CO0300,N22
62011CO0242,61999CO0388,N22
62011CO0242,62003CJ0131,N22
62011CO0242,62007CO0107,N22
62011CO0242,62011CJ0246,N15
62011CO0242,62011CJ0246,N19
62011CO0627,61981CJ0141,N10
62011CO0627,61990CJ0320,N8
62011CO0627,61991CJ0083,N7
62011CO0627,61994CO0167,N8
62011CO0627,61994CO0167,N9
62011CO0627,61994CO0167,N10
62011CO0627,62000CO0116,N8
62011CO0627,62000CO0116,N9
62011CO0627,62000CO0116,N10
62011CO0627,62001CJ0380,N7
62011CO0627,62006CO0467,N8
62011CO0627,62006CO0467,N9
62011CO0627,62006CO0467,N10
62011CO0627,62010CO0439,N14
62011CO0627,62011CO0144,N7
62011CO0497,62001CJ0057,N70
62011CO0497,62001CJ0057,N71
62011CO0497,62007CJ0514,N68
62011CO0497,62009CJ0401,N46
62011CO0497,62010CJ0047,N35
62011CO0497,62010CJ0047,N36
62009CO0043,61984CJ0067,N53
62009CO0043,61995CJ0177,N18
62009CO0043,61996CJ0122,N49
62009CO0043,61998CJ0048,N18
62009CO0043,61998CJ0352,N62
62009CO0043,61999CJ0253,N18
62009CO0043,62000CJ0162,N20
62009CO0043,62000CJ0162,N47
62009CO0043,62000CJ0162,N48
62009CO0043,62001CO0486,N62
62009CO0043,62001CO0488,N61
62009CO0043,62002CJ0189,N61
62009CO0043,62005CO0338,N61
62009CO0043,62006CJ0383,N53
62009CO0043,62008CJ0441,N47
62008CO0501,61996CJ0404,N25
62008CO0501,62000CJ0050,N38
62008CO0501,62000CJ0050,N39
62008CO0501,62001CJ0486,N25
62008CO0501,62002CJ0263,N38
62008CO0501,62002CJ0263,N39
62008CO0501,62004CJ0417,N25
62008CO0501,62004CJ0417,N26
62008CO0501,62006CJ0015,N25
62008CO0501,62006CJ0015,N38
62008CO0501,62006CJ0015,N39
62008CO0501,62006CJ0120,N33
62008CO0501,62006CJ0167,N33
62008CO0501,62007CJ0445,N25
62008CO0501,62007CJ0445,N38
62008CO0501,62007CJ0445,N39
62006CO0363,61982CJ0327,N25
62006CO0363,61996CO0174,N24
62006CO0363,61998CJ0287,N25
62006CO0363,62002CO0360,N37
62006CO0363,62005CJ0316,N25
62006CO0363,62005CO0200,N24
62006CO0363,62006CO0225,N42
62006CO0363,62007CO0163,N34
61999CO0107,61993CO0280,N29
61999CO0107,61993CO0280,N89
61999CO0107,61996CO0239,N67
61999CO0107,61996CO0239,N89
61999CO0107,61997CO0110,N24
61999CO0107,61997CO0110,N59
61997CO0239,61985CJ0042,N10
61997CO0239,61985CJ0042,N7
61997CO0239,61985CJ0152,N11
61997CO0239,61985CJ0152,N7
61997CO0239,61985CJ0276,N11
61997CO0239,61985CJ0276,N7
61997CO0239,61991CO0059,N10
61997CO0239,61991CO0059,N9
61997CO0239,61991CO0059,N08
61997CO0239,61991CO0059,N7
61994CO0325,61976CJ0015,N26
61994CO0325,61993CJ0039,N30
61994CO0325,61995CO0089,N28
