62017CO0508,61991CJ0015,N16
62017CO0508,61991CJ0015,N23
62017CO0508,61991CJ0015,N17
62017CO0508,61991CJ0025,N11
62017CO0508,61991CJ0025,N15
62017CO0508,61991CJ0025,N12
62017CO0508,61991CJ0025,N23
62017CO0508,62003CJ0131,N84
62017CO0508,62003CJ0131,N24
62016CO0373,61985CJ0223,N34
62016CO0373,61985CJ0223,N46
62016CO0373,61985CJ0223,N50
62016CO0373,61985CJ0223,N51
62016CO0373,61985CJ0223,N52
62016CO0373,62002CJ0183,N35
62016CO0373,62002CJ0183,N54
62016CO0373,62008CJ0089,N14
62016CO0373,62010CJ0628,N84
62016CO0373,62010CJ0628,N44
62016CO0373,62010CJ0628,N85
62016CO0373,62011CO0593,N28
62016CO0373,62011CO0593,N52
62016CO0373,62012CJ0272,N16
62016CO0373,62012CJ0272,N33
62016CO0373,62012CJ0272,N41
62016CO0373,62012CJ0272,N42
62016CO0373,62012CJ0272,N43
62016CO0373,62012CJ0272,N44
62016CO0373,62012CJ0399,N27
62016CO0373,62012CJ0399,N39
62016CO0373,62014CJ0449,N114
62016CO0373,62014CJ0449,N39
62016CO0373,62015CJ0643,N303
62016CO0373,62015CJ0643,N39
62016CO0323,61985CJ0223,N89
62016CO0323,61985CJ0223,N92
62016CO0323,61985CJ0223,N95
62016CO0323,61985CJ0223,N99
62016CO0323,61985CJ0223,N100
62016CO0323,61985CJ0223,N105
62016CO0323,62002CJ0183,N89
62016CO0323,62002CJ0183,N101
62016CO0323,62002CJ0183,N106
62016CO0323,62008CJ0089,N14
62016CO0323,62009CJ0106,N75
62016CO0323,62009CJ0106,N60
62016CO0323,62010CJ0628,N84
62016CO0323,62010CJ0628,N85
62016CO0323,62011CJ0444,N34
62016CO0323,62011CJ0444,N26
62016CO0323,62011CO0593,N28
62016CO0323,62011CO0593,N105
62016CO0323,62012CJ0272,N16
62016CO0323,62012CJ0272,N39
62016CO0323,62012CJ0272,N43
62016CO0323,62012CJ0272,N44
62016CO0323,62012CJ0272,N45
62016CO0323,62012CJ0272,N46
62016CO0323,62012CJ0272,N47
62016CO0323,62012CJ0272,N48
62016CO0323,62012CJ0272,N53
62016CO0323,62012CJ0272,N56
62016CO0323,62012CJ0272,N57
62016CO0323,62012CJ0272,N65
62016CO0323,62012CJ0272,N67
62016CO0323,62012CJ0272,N69
62016CO0323,62012CJ0272,N71
62016CO0323,62012CJ0272,N73
62016CO0323,62012CJ0272,N74
62016CO0323,62012CJ0272,N75
62016CO0323,62012CJ0272,N76
62016CO0323,62012CJ0272,N77
62016CO0323,62012CJ0272,N102
62016CO0323,62012CJ0382,N148
62016CO0323,62012CJ0382,N83
62016CO0323,62012CJ0399,N27
62016CO0323,62012CJ0399,N93
62016CO0323,62013CJ0012,N52
62016CO0323,62013CJ0012,N26
62016CO0323,62014CJ0431,N55
62016CO0323,62014CJ0431,N104
62016CO0323,62014CJ0449,N114
62016CO0323,62014CJ0449,N93
62016CO0323,62014CJ0524,N41
62016CO0323,62014CJ0524,N60
62016CO0323,62015CJ0020,N54
62016CO0323,62015CJ0020,N60
62016CO0323,62015CJ0045,N20
62016CO0323,62015CJ0045,N31
62016CO0323,62015CJ0643,N303
62016CO0323,62015CJ0643,N93
62016CO0369,61985CJ0223,N47
62016CO0369,61985CJ0223,N53
62016CO0369,61985CJ0223,N57
62016CO0369,61985CJ0223,N58
62016CO0369,61985CJ0223,N60
62016CO0369,62008CJ0089,N14
62016CO0369,62010CJ0081,N81
62016CO0369,62010CJ0081,N41
62016CO0369,62010CJ0081,N82
62016CO0369,62010CJ0081,N80
62016CO0369,62010CJ0628,N84
62016CO0369,62010CJ0628,N59
62016CO0369,62010CJ0628,N85
62016CO0369,62011CJ0444,N34
62016CO0369,62011CJ0444,N36
62016CO0369,62011CO0624,N35
62016CO0369,62011CO0624,N52
62016CO0369,62012CJ0272,N16
62016CO0369,62012CJ0272,N59
62016CO0369,62012CJ0399,N27
62016CO0369,62012CJ0399,N50
62016CO0369,62013CJ0012,N52
62016CO0369,62013CJ0012,N36
62016CO0369,62014CJ0449,N114
62016CO0369,62014CJ0449,N50
62016CO0369,62015CJ0643,N303
62016CO0369,62015CJ0643,N50
62016CO0369,62016CJ0074,N88
62016CO0369,62016CJ0074,N29
62016CO0369,62016CJ0074,N87
62017CO0204,62015CO0550,N45
62017CO0204,62015CO0550,N19
62016CO0640,62005CJ0260,N54
62016CO0640,62005CJ0260,N38
62016CO0640,62005CJ0260,N53
62016CO0640,62005CJ0260,N37
62016CO0640,62010CJ0403,N73
62016CO0640,62010CJ0403,N50
62016CO0640,62010CJ0459,N50
62016CO0640,62010CJ0459,N27
62016CO0640,62011CJ0583,N25
62016CO0640,62011CJ0583,N58
62016CO0640,62011CJ0583,N24
62016CO0640,62011CJ0583,N61
62016CO0640,62011CJ0583,N20
62016CO0640,62012CJ0284,N41
62016CO0640,62012CJ0284,N54
62016CO0640,62013CJ0456,N50
62016CO0640,62013CJ0456,N63
62016CO0640,62013CJ0456,N49
62016CO0640,62014CJ0033,N99
62016CO0640,62014CJ0033,N39
62016CO0640,62014CJ0033,N92
62016CO0640,62014CJ0033,N22
62016CO0640,62014CJ0033,N26
62016CO0640,62014CJ0574,N32
62016CO0640,62014CJ0574,N54
62016CO0640,62014CJ0574,N60
62016CO0640,62014CJ0590,N105
62016CO0640,62014CJ0590,N54
62016CO0640,62016CO0240,N23
62016CO0640,62016CO0240,N48
62016CO0640,62017CO0231,N12
62016CO0640,62017CO0231,N48
62015CO0556,61991CJ0083,N33
62015CO0556,61991CJ0083,N39
62015CO0556,61991CJ0083,N32
62015CO0556,62004CJ0237,N21
62015CO0556,62004CJ0237,N35
62015CO0556,62005CJ0295,N33
62015CO0556,62005CJ0295,N35
62015CO0556,62012CJ0079,N37
62015CO0556,62012CJ0079,N35
62015CO0556,62012CJ0370,N83
62015CO0556,62012CJ0370,N20
62015CO0556,62013CJ0667,N34
62015CO0556,62013CO0082,N12
62015CO0556,62013CO0082,N39
62015CO0556,62014CJ0547,N32
62015CO0556,62014CJ0547,N21
62015CO0556,62015CJ0076,N57
62015CO0556,62015CJ0076,N21
62015CO0556,62015CO0228(01),N19
62015CO0556,62015CO0228,N35
62015CO0556,62015CO0692,N18
62015CO0556,62015CO0692,N36
62017CO0053,62013CJ0110,N39
62017CO0053,62013CJ0110,N17
62017CO0053,62013CJ0110,N34
62017CO0053,62013CJ0110,N10
62017CO0053,62013CJ0110,N11
62017CO0053,62013CJ0110,N16
62017CO0053,62013CJ0110,N18
62016CO0595,62015CJ0268,N47
62016CO0595,62015CJ0268,N16
62016CO0595,62015CO0250,N8
62016CO0595,62015CO0250,N15
62016CO0515,62004CJ0368,N39
62016CO0515,62004CJ0368,N25
62016CO0515,62004CJ0368,N40
62016CO0515,62004CJ0368,N29
62016CO0515,62004CJ0368,N47
62016CO0515,62004CJ0368,N31
62016CO0515,62006CJ0199,N33
62016CO0515,62006CJ0199,N28
62016CO0515,62006CJ0199,N35
62016CO0515,62006CJ0199,N34
62016CO0515,62012CJ0262,N19
62016CO0515,62012CJ0262,N21
62016CO0515,62012CJ0262,N22
62016CO0515,62012CJ0262,N15
62016CO0515,62012CJ0262,N17
62016CO0515,62012CJ0284,N26
62016CO0515,62012CJ0284,N27
62016CO0515,62012CJ0284,N30
62016CO0515,62012CJ0284,N31
62016CO0515,62012CJ0284,N25
62016CO0515,62012CJ0284,N28
62016CO0232,61995CJ0367,N61
62016CO0232,61995CJ0367,N68
62016CO0232,61995CJ0367,N62
62016CO0232,61995CJ0367,N60
62016CO0232,61995CJ0367,N67
62016CO0232,61995CJ0367,N80
62016CO0232,62000CJ0280,N26
62016CO0232,62012CJ0516,N86
62016CO0232,62012CJ0516,N100
62016CO0232,62012CJ0559,N79
62016CO0232,62012CJ0559,N57
62016CO0232,62012CJ0559,N80
62016CO0232,62012CJ0559,N58
62016CO0232,62012CJ0559,N78
62016CO0232,62012CJ0559,N56
62016CO0232,62015CJ0105,N33
62016CO0232,62015CJ0105,N63
62016CO0232,62015CJ0105,N34
62016CO0232,62015CJ0330,N34
62016CO0232,62015CJ0330,N63
62016CO0232,62015CO0426,N55
62016CO0232,62015CO0426,N41
62016CO0232,62015CO0426,N54
62015CO0522(01),62007CO0498,N32
62015CO0522(01),62007CO0498,N28
62015CO0522(01),62010CO0451(01),N20
62015CO0522(01),62010CO0451,N22
62015CO0522(01),62012CO0591,N19
62015CO0522(01),62012CO0591,N20
62015CO0522(01),62012CO0591,N21
62015CO0522(01),62015CO0522,N8
62015CO0426,61991CJ0198,N22
62015CO0426,61991CJ0198,N46
62015CO0426,61995CJ0367,N59
62015CO0426,61995CJ0367,N44
62015CO0426,61995CJ0367,N46
62015CO0426,61998CJ0099,N43
62015CO0426,61998CJ0099,N30
62015CO0426,62000CJ0074,N82
62015CO0426,62000CJ0074,N44
62015CO0426,62000CJ0074,N81
62015CO0426,62000CJ0074,N83
62015CO0426,62000CJ0074,N80
62015CO0426,62009CJ0106,N181
62015CO0426,62009CJ0106,N44
62015CO0426,62010CJ0081,N29
62015CO0426,62016CJ0294,N36
62015CO0426,62016CJ0294,N32
62015CO0426,62016CJ0294,N35
62015CO0514,61980CJ0100,N119
62015CO0514,61980CJ0100,N26
62015CO0514,62006CJ0076,N25
62015CO0514,62006CJ0076,N27
62015CO0514,62006CJ0076,N30
62015CO0514,62006CJ0076,N19
62015CO0514,62006CJ0076,N23
62015CO0514,62006CJ0076,N37
62015CO0514,62006CJ0076,N24
62015CO0514,62006CJ0076,N26
62015CO0514,62006CJ0076,N29
62015CO0514,62011CJ0181,N83
62015CO0514,62011CJ0181,N26
62015CO0514,62012CJ0408,N64
62015CO0514,62012CJ0408,N28
62015CO0514,62013CJ0090,N18
62015CO0514,62013CJ0090,N31
62015CO0514,62013CJ0090,N19
62015CO0514,62013CJ0090,N37
62015CO0514,62013CJ0090,N16
62015CO0514,62013CJ0090,N29
62015CO0514,62013CJ0090,N15
62015CO0514,62013CJ0090,N27
62015CO0514,62013CJ0090,N17
62015CO0514,62013CJ0090,N30
62015CO0246,62010CJ0111,N58
62015CO0246,62010CJ0111,N21
62015CO0246,62010CJ0121,N59
62015CO0246,62010CJ0121,N21
62015CO0246,62011CJ0455,N26
62015CO0246,62011CJ0455,N41
62015CO0246,62014CO0296,N32
62015CO0246,62014CO0296,N26
62015CO0246,62014CO0575,N26
62015CO0246,62014CO0575,N75
62015CO0510,62000CJ0204,N24
62015CO0510,62007CJ0431,N42
62015CO0510,62007CJ0431,N40
62015CO0510,62008CJ0280,N123
62015CO0510,62008CJ0280,N36
62015CO0510,62011CJ0089,N133
62015CO0510,62011CJ0089,N47
62015CO0510,62011CJ0508,N99
62015CO0510,62011CJ0508,N47
62015CO0510,62011CJ0511,N85
62015CO0510,62011CJ0511,N47
62015CO0510,62011CJ0679,N98
62015CO0510,62011CJ0679,N38
62015CO0510,62012CJ0036,N31
62015CO0510,62012CJ0036,N40
62015CO0510,62012CJ0070,N53
62015CO0510,62012CJ0070,N49
62015CO0510,62012CJ0070,N26
62015CO0510,62012CJ0070,N29
62015CO0510,62012CJ0295,N205
62015CO0510,62012CJ0295,N66
62015CO0510,62012CJ0295,N29
62015CO0510,62012CJ0295,N28
62015CO0510,62012CJ0580,N51
62015CO0510,62012CJ0580,N54
62015CO0510,62013CJ0093,N136
62015CO0510,62013CJ0093,N66
62015CO0510,62013CJ0434,N77
62015CO0510,62013CJ0434,N39
62015CO0510,62013CJ0434,N55
62015CO0510,62013CJ0597,N22
62015CO0510,62013CJ0597,N20
62015CO0510,62013CJ0603,N90
62015CO0510,62013CJ0603,N49
62015CO0510,62013CJ0603,N89
62015CO0510,62014CJ0194,N54
62015CO0510,62014CJ0194,N20
62015CO0510,62014CJ0373,N40
62015CO0510,62014CJ0373,N32
62015CO0510,62014CJ0415,N56
62015CO0510,62014CJ0415,N38
62015CO0523,61973CJ0006,N51
62015CO0523,61973CJ0006,N43
62015CO0523,61973CJ0006,N52
62015CO0523,61997CJ0310,N60
62015CO0523,61997CJ0310,N66
62015CO0523,61997CJ0310,N51
62015CO0523,61997CJ0310,N63
62015CO0523,61997CJ0310,N53
62015CO0523,61997CJ0310,N50
62015CO0523,61997CJ0310,N57
62015CO0523,61997CJ0310,N52
62015CO0523,61997CJ0310,N54
62015CO0523,61997CJ0310,N59
62015CO0523,61997CJ0310,N61
62015CO0523,61997CJ0310,N55
62015CO0523,61997CJ0310,N62
62015CO0523,61997CJ0310,N49
62015CO0523,61997CJ0310,N58
62015CO0523,61997CJ0310,N56
62015CO0523,61999CJ0238,N693
62015CO0523,61999CJ0238,N34
62015CO0523,62004CJ0308,N106
62015CO0523,62004CJ0308,N46
62015CO0523,62006CJ0003,N62
62015CO0523,62006CJ0003,N34
62015CO0523,62007CJ0534,N86
62015CO0523,62007CJ0534,N32
62015CO0523,62007CJ0534,N33
62015CO0523,62007CJ0534,N88
62015CO0523,62007CJ0534,N40
62015CO0523,62011CJ0286,N49
62015CO0523,62011CJ0286,N43
62015CO0523,62011CJ0501,N35
62015CO0523,62011CJ0501,N44
62015CO0523,62011CJ0501,N36
62015CO0523,62011CJ0679,N105
62015CO0523,62011CJ0679,N34
62015CO0523,62011CJ0679,N32
62015CO0523,62011CJ0679,N104
62015CO0523,62011CJ0679,N33
62015CO0523,62011CJ0679,N107
62015CO0523,62011CJ0679,N43
62015CO0523,62012CJ0295,N42
62015CO0523,62012CJ0295,N30
62015CO0523,62012CJ0295,N189
62015CO0523,62012CJ0295,N56
62015CO0523,62012CJ0580,N51
62015CO0523,62012CJ0580,N63
62015CO0523,62013CJ0434,N77
62015CO0523,62013CJ0434,N64
62015CO0523,62013CJ0597,N41
62015CO0523,62013CJ0597,N43
62015CO0523,62013CJ0603,N71
62015CO0523,62013CJ0603,N30
62015CO0523,62013CJ0603,N75
62015CO0523,62013CJ0603,N31
62015CO0523,62014CJ0194,N74
62015CO0523,62014CJ0194,N32
62015CO0523,62014CJ0373,N40
62015CO0523,62014CJ0373,N55
62015CO0608,62011CJ0448,N44
62015CO0608,62011CJ0448,N21
62015CO0608,62011CJ0448,N42
62015CO0608,62011CJ0448,N20
62015CO0608,62011CJ0448,N41
62016CO0121,62013CJ0184,N29
62016CO0121,62013CJ0184,N21
62016CO0121,62013CJ0184,N28
62016CO0121,62013CJ0184,N20
62016CO0121,62013CJ0184,N12
62016CO0121,62013CJ0184,N14
62016CO0121,62013CJ0184,N15
62016CO0121,62013CJ0184,N26
62016CO0121,62013CJ0184,N30
62016CO0121,62013CJ0184,N24
62015CO0293,61990CJ0041,N24
62015CO0293,61990CJ0041,N31
62015CO0293,61990CJ0041,N34
62015CO0293,61990CJ0041,N35
62015CO0293,61999CJ0475,N40
62015CO0293,61999CJ0475,N41
62015CO0293,61999CJ0496,N68
62015CO0293,61999CJ0496,N46
62015CO0293,62009CJ0437,N69
62015CO0293,62009CJ0437,N34
62015CO0293,62009CJ0437,N35
62015CO0293,62011CJ0239,N39
62015CO0293,62011CJ0239,N29
62015CO0293,62011CJ0239,N30
62015CO0293,62011CJ0239,N38
62015CO0293,62011CJ0416,N45
62015CO0293,62011CJ0416,N46
62015CO0669,62012CJ0262,N19
62015CO0669,62014CO0578,N15
62015CO0669,62014CO0578,N21
62015CO0669,62015CO0250,N8
62015CO0669,62015CO0250,N12
62015CO0669,62015CO0250,N13
62015CO0669,62015CO0250,N16
62015CO0669,62015CO0250,N15
62015CO0450,62010CJ0583,N45
62015CO0450,62010CJ0583,N20
62015CO0450,62010CJ0583,N47
62015CO0450,62010CJ0583,N21
62015CO0450,62012CJ0313,N21
62015CO0450,62012CJ0313,N20
62015CO0450,62012CJ0313,N23
62016CO0157,62007CO0464,N9
62016CO0157,62007CO0464,N19
62016CO0157,62011CO0002,N23
62016CO0157,62011CO0002,N10
62016CO0157,62011CO0002,N22
62016CO0157,62011CO0002,N9
62016CO0157,62011CO0003,N26
62016CO0157,62011CO0003,N9
62016CO0157,62011CO0003,N27
62016CO0157,62011CO0003,N10
62016CO0157,62011CO0003,N31
62016CO0157,62011CO0003,N13
62016CO0157,62012CO0422,N37
62016CO0157,62012CO0422,N9
62016CO0157,62013CO0390,N25
62016CO0157,62013CO0390,N14
62016CO0157,62013CO0390,N21
62014CO0541,61962CJ0025,N223
62014CO0541,61962CJ0025,N21
62014CO0541,61998CJ0352,N34
62014CO0541,61998CJ0352,N28
62014CO0541,61998CJ0352,N35
62014CO0541,62003CJ0078,N37
62014CO0541,62003CJ0078,N22
62014CO0541,62006CJ0487,N35
62014CO0541,62006CJ0487,N22
62014CO0541,62006CJ0487,N30
62014CO0541,62006CJ0487,N55
62014CO0541,62006CJ0487,N47
62014CO0541,62006CJ0487,N23
62014CO0541,62006CJ0487,N48
62014CO0541,62007CJ0319,N29
62014CO0541,62007CJ0319,N21
62014CO0541,62011CJ0089,N64
62014CO0541,62011CJ0089,N27
62014CO0541,62011CJ0583,N100
62014CO0541,62011CJ0583,N51
62014CO0541,62011CJ0583,N93
62014CO0541,62011CJ0583,N42
62014CO0541,62012CJ0132,N44
62014CO0541,62012CJ0132,N20
62014CO0541,62012CJ0132,N53
62014CO0541,62012CJ0132,N46
62014CO0541,62012CJ0132,N19
62014CO0541,62012CJ0132,N32
62014CO0541,62012CJ0133,N19
62014CO0541,62012CJ0133,N32
62014CO0541,62012CJ0133,N40
62014CO0541,62012CJ0133,N46
62014CO0541,62012CJ0133,N31
62014CO0541,62012CJ0133,N20
62014CO0541,62012CJ0274,N27
62014CO0541,62012CJ0274,N40
62014CO0541,62012CJ0274,N30
62014CO0541,62012CJ0274,N43
62014CO0541,62012CJ0274,N28
62014CO0541,62012CJ0274,N41
62014CO0541,62012CJ0274,N35
62014CO0541,62012CJ0274,N46
62014CO0541,62012CJ0274,N19
62014CO0541,62012CJ0274,N20
62014CO0541,62012CJ0274,N29
62014CO0541,62012CJ0274,N42
62014CO0541,62012CJ0274,N47
62014CO0541,62012CJ0274,N24
62014CO0541,62013CJ0067,N41
62014CO0541,62013CJ0067,N31
62014CO0541,62013CJ0456,N41
62014CO0541,62013CJ0456,N49
62014CO0541,62013CJ0456,N29
62014CO0541,62013CJ0456,N40
62014CO0541,62013CJ0456,N51
62014CO0541,62013CJ0456,N32
62014CO0541,62013CJ0456,N43
62014CO0541,62013CJ0456,N63
62014CO0541,62013CJ0456,N21
62014CO0541,62013CJ0456,N42
62014CO0541,62013CJ0456,N31
62014CO0541,62013CJ0456,N30
62014CO0541,62013CO0624,N68
62014CO0541,62013CO0624,N27
62014CO0541,62014CJ0033,N59
62014CO0541,62014CJ0033,N20
62014CO0541,62014CJ0033,N99
62014CO0541,62014CJ0033,N23
62014CO0541,62014CJ0033,N97
62014CO0541,62014CJ0033,N22
62014CO0541,62014CJ0033,N100
62014CO0541,62014CJ0033,N93
62014CO0541,62014CJ0033,N21
62014CO0541,62015CO0093,N22
62014CO0541,62015CO0093,N28
62014CO0541,62015CO0093,N21
62014CO0563,61962CJ0025,N223
62014CO0563,61962CJ0025,N20
62014CO0563,61998CJ0352,N34
62014CO0563,61998CJ0352,N27
62014CO0563,61998CJ0352,N35
62014CO0563,62003CJ0078,N37
62014CO0563,62003CJ0078,N21
62014CO0563,62006CJ0487,N55
62014CO0563,62006CJ0487,N21
62014CO0563,62006CJ0487,N30
62014CO0563,62006CJ0487,N35
62014CO0563,62006CJ0487,N47
62014CO0563,62006CJ0487,N22
62014CO0563,62006CJ0487,N48
62014CO0563,62007CJ0319,N29
62014CO0563,62007CJ0319,N20
62014CO0563,62007CJ0514,N126
62014CO0563,62007CJ0514,N46
62014CO0563,62008CJ0413,N16
62014CO0563,62008CJ0413,N32
62014CO0563,62009CJ0263,N78
62014CO0563,62009CJ0263,N65
62014CO0563,62010CJ0047,N59
62014CO0563,62010CJ0047,N32
62014CO0563,62011CJ0089,N64
62014CO0563,62011CJ0089,N26
62014CO0563,62011CJ0583,N93
62014CO0563,62011CJ0583,N54
62014CO0563,62012CJ0132,N44
62014CO0563,62012CJ0132,N19
62014CO0563,62012CJ0132,N17
62014CO0563,62012CJ0132,N53
62014CO0563,62012CJ0132,N58
62014CO0563,62012CJ0133,N31
62014CO0563,62012CJ0133,N19
62014CO0563,62012CJ0133,N17
62014CO0563,62012CJ0133,N40
62014CO0563,62012CJ0133,N58
62014CO0563,62012CJ0274,N28
62014CO0563,62012CJ0274,N53
62014CO0563,62012CJ0274,N47
62014CO0563,62012CJ0274,N23
62014CO0563,62012CJ0274,N27
62014CO0563,62012CJ0274,N52
62014CO0563,62012CJ0274,N30
62014CO0563,62012CJ0274,N55
62014CO0563,62012CJ0274,N29
62014CO0563,62012CJ0274,N54
62014CO0563,62012CJ0274,N35
62014CO0563,62012CJ0274,N58
62014CO0563,62012CJ0274,N19
62014CO0563,62013CJ0456,N30
62014CO0563,62013CJ0456,N53
62014CO0563,62013CJ0456,N41
62014CO0563,62013CJ0456,N61
62014CO0563,62013CJ0456,N63
62014CO0563,62013CJ0456,N20
62014CO0563,62013CJ0456,N31
62014CO0563,62013CJ0456,N54
62014CO0563,62013CJ0456,N29
62014CO0563,62013CJ0456,N52
62014CO0563,62013CJ0456,N32
62014CO0563,62013CJ0456,N55
62014CO0563,62013CJ0456,N42
62014CO0563,62013CO0624,N68
62014CO0563,62013CO0624,N26
62014CO0563,62013CO0624,N74
62014CO0563,62013CO0624,N46
62014CO0563,62014CJ0033,N99
62014CO0563,62014CJ0033,N22
62014CO0563,62014CJ0033,N100
62014CO0563,62014CJ0033,N97
62014CO0563,62014CJ0033,N21
62014CO0563,62014CJ0033,N93
62014CO0563,62014CJ0033,N20
62014CO0563,62014CJ0033,N59
62014CO0563,62014CJ0033,N19
62014CO0563,62014CJ0227,N69
62014CO0563,62014CJ0227,N43
62014CO0563,62015CO0093,N22
62014CO0563,62015CO0093,N27
62014CO0563,62015CO0093,N21
62015CO0162,61989CO0076,N15
62015CO0162,61989CO0076,N114
62015CO0162,61995CO0149,N50
62015CO0162,61995CO0149,N103
62015CO0162,61996CO0180,N89
62015CO0162,61996CO0180,N103
62015CO0162,62002CJ0189,N210
62015CO0162,62002CJ0189,N60
62015CO0162,62002CJ0189,N211
62015CO0162,62002CJ0189,N209
62015CO0162,62003CO0182,N142
62015CO0162,62003CO0182,N103
62015CO0162,62004CO0404,N20
62015CO0162,62004CO0404,N25
62015CO0162,62004CO0404,N19
62015CO0162,62004CO0404,N16
62015CO0162,62004CO0404,N23
62015CO0162,62011CJ0536,N47
62015CO0162,62011CJ0536,N111
62015CO0162,62011CJ0536,N48
62015CO0162,62012CJ0070,N53
62015CO0162,62012CJ0070,N60
62015CO0162,62012CJ0365,N89
62015CO0162,62012CJ0365,N50
62015CO0162,62012CJ0365,N32
62015CO0162,62012CJ0365,N40
62015CO0162,62012CJ0365,N90
62015CO0162,62012CJ0365,N53
62015CO0162,62012CJ0365,N97
62015CO0162,62013CO0278,N38
62015CO0162,62013CO0278,N85
62015CO0162,62013CO0278,N54
62015CO0162,62013CO0278,N94
62015CO0162,62013CO0278,N51
62015CO0162,62013CO0278,N92
62015CO0162,62013CO0278,N53
62015CO0162,62013CO0278,N93
62015CO0162,62013CO0278,N47
62015CO0162,62013CO0278,N87
62015CO0162,62013CO0278,N52
62015CO0162,62013CO0278,N50
62015CO0162,62013CO0278,N48
62015CO0162,62013CO0278,N90
62015CO0162,62013CO0278,N67
62015CO0162,62013CO0278,N22
62015CO0162,62013CO0278,N75
62015CO0162,62013CO0278,N80
62015CO0162,62013CO0278,N83
62015CO0162,62013CO0278,N68
62015CO0162,62013CO0278,N29
62015CO0162,62013CO0278,N55
62015CO0162,62013CO0278,N95
62015CO0162,62013CO0506,N18
62015CO0162,62013CO0506,N82
62015CO0162,62014CO0078,N14
62015CO0162,62014CO0078,N21
62015CO0162,62014CO0431,N21
62015CO0162,62014CO0431,N23
62015CO0162,62014CO0431,N22
62015CO0162,62014CO0431,N24
62015CO0162,62014CO0431,N25
62015CO0162,62015CO0517,N30
62015CO0162,62015CO0517,N85
62015CO0162,62015CO0517,N21
62015CO0162,62015CO0517,N35
62015CO0162,62015CO0517,N90
62015CO0162,62015CO0517,N31
62015CO0162,62015CO0517,N33
62015CO0162,62015CO0517,N56
62015CO0162,62015CO0517,N93
62015CO0162,62015CO0517,N32
62015CO0162,62015CO0517,N29
62014CO0604,62004CJ0525,N59
62014CO0604,62004CJ0525,N40
62014CO0604,62009CJ0071,N152
62014CO0604,62009CJ0071,N20
62014CO0604,62009CJ0194,N29
62014CO0604,62009CJ0194,N45
62014CO0604,62009CJ0194,N46
62014CO0604,62009CJ0194,N47
62014CO0604,62009CJ0194,N48
62014CO0604,62010CJ0124,N93
62014CO0604,62010CJ0124,N31
62014CO0604,62010CJ0124,N88
62014CO0604,62010CJ0124,N78
62014CO0604,62011CJ0073,N74
62014CO0604,62011CJ0073,N40
62014CO0604,62011CJ0073,N82
62014CO0604,62011CJ0073,N31
62014CO0604,62012CJ0214,N77
62014CO0604,62012CJ0214,N40
62014CO0604,62012CJ0224,N37
62014CO0604,62012CJ0224,N31
62014CO0604,62013CJ0467,N31
62014CO0604,62013CJ0467,N20
62015CO0517,61999CO0335,N67
62015CO0517,61999CO0335,N37
62015CO0517,62010CO0446,N55
62015CO0517,62010CO0446,N56
62015CO0517,62010CO0446,N57
62015CO0517,62012CO0110,N44
62015CO0517,62012CO0110,N45
62015CO0517,62012CO0168,N28
62015CO0517,62012CO0168,N45
62015CO0517,62012CO0551,N41
62015CO0517,62012CO0551,N45
62015CO0517,62013CO0278,N52
62015CO0517,62013CO0278,N54
62015CO0517,62013CO0278,N47
62015CO0517,62013CO0278,N40
62015CO0517,62013CO0278,N23
62015CO0517,62013CO0278,N25
62015CO0517,62013CO0278,N29
62015CO0517,62013CO0278,N33
62015CO0517,62013CO0278,N46
62015CO0517,62013CO0278,N50
62015CO0517,62013CO0278,N53
62015CO0517,62013CO0278,N48
62015CO0517,62013CO0278,N37
62015CO0517,62013CO0278,N56
62015CO0517,62013CO0506,N18
62015CO0517,62013CO0506,N27
62015CO0517,62014CO0021,N37
62015CO0517,62014CO0021,N27
62015CO0517,62014CO0078(01),N14
62015CO0517,62014CO0078,N21
62015CO0053,62006CJ0373,N25
62015CO0053,62006CJ0373,N24
62015CO0053,62012CJ0269,N15
62015CO0053,62012CJ0269,N24
62014CO0530,61999CJ0070,N25
62014CO0530,61999CJ0070,N20
62014CO0530,61999CJ0070,N26
62014CO0530,61999CJ0143,N30
62014CO0530,61999CJ0143,N32
62014CO0530,61999CJ0143,N33
62014CO0530,62001CJ0092,N25
62014CO0530,62001CJ0092,N28
62014CO0530,62001CJ0092,N26
62014CO0530,62011CJ0181,N59
62014CO0530,62011CJ0181,N23
62015CO0093,62002CJ0189,N211
62015CO0093,62002CJ0189,N62
62015CO0093,62006CJ0390,N79
62015CO0093,62006CJ0390,N32
62015CO0093,62008CJ0399,N38
62015CO0093,62008CJ0399,N33
62015CO0093,62013CJ0518,N65
62015CO0093,62013CJ0518,N34
62015CO0093,62013CJ0667,N69
62015CO0093,62013CJ0667,N62
62015CO0093,62013CJ0667,N12
62015CO0093,62013CJ0667,N46
62015CO0093,62013CJ0667,N34
62015CO0093,62013CJ0667,N52
62015CO0093,62013CJ0667,N51
62015CO0093,62013CJ0667,N50
62015CO0093,62013CJ0667,N49
62015CO0093,62013CJ0667,N44
62015CO0093,62013CJ0667,N32
62015CO0093,62013CJ0667,N66
62015CO0093,62013CJ0667,N60
62015CO0093,62013CJ0667,N45
62015CO0093,62013CJ0667,N33
62015CO0093,62013CJ0667,N74
62015CO0093,62013CJ0667,N67
62015CO0093,62013CJ0667,N72
62015CO0093,62013CJ0667,N65
62015CO0093,62013CJ0690,N24
62015CO0093,62013CJ0690,N50
62015CO0093,62013CJ0690,N23
62015CO0093,62013CJ0690,N34
62015CO0385,61992CO0097(01),N15
62015CO0385,61992CO0097,N19
62015CO0385,61997CO0151,N61
62015CO0385,61997CO0151,N7
62015CO0385,61999CO0197,N30
62015CO0385,61999CO0197,N20
62015CO0385,61999CO0197,N31
62015CO0385,61999CO0197,N29
62015CO0385,62008CJ0583,N30
62015CO0385,62008CJ0583,N12
62015CO0385,62011CO0589,N15
62015CO0385,62011CO0589,N7
62015CO0385,62011CO0589,N14
62015CO0385,62012CO0365,N7
62015CO0385,62012CO0365,N6
62015CO0385,62013CJ0336,N33
62015CO0385,62013CJ0336,N30
62015CO0385,62014CO0033,N11
62015CO0385,62014CO0033,N7
62015CO0385,62014CO0033,N4
62015CO0362,61992CO0097(01),N15
62015CO0362,61992CO0097,N19
62015CO0362,61997CO0151,N61
62015CO0362,61997CO0151,N7
62015CO0362,61999CO0197,N31
62015CO0362,61999CO0197,N20
62015CO0362,61999CO0197,N30
62015CO0362,61999CO0197,N29
62015CO0362,62008CJ0583,N30
62015CO0362,62008CJ0583,N12
62015CO0362,62011CO0589,N14
62015CO0362,62011CO0589,N7
62015CO0362,62011CO0589,N15
62015CO0362,62013CJ0336,N33
62015CO0362,62013CJ0336,N30
62015CO0362,62014CO0033,N7
62015CO0362,62014CO0033,N11
62015CO0362,62014CO0033,N4
62015CO0418,61992CO0097(01),N15
62015CO0418,61992CO0097,N20
62015CO0418,61995CJ0279,N55
62015CO0418,61995CJ0279,N11
62015CO0418,61997CO0151,N61
62015CO0418,61997CO0151,N6
62015CO0418,61997CO0151,N66
62015CO0418,61997CO0151,N17
62015CO0418,62011CJ0445,N23
62015CO0418,62011CJ0445,N24
62015CO0418,62011CO0589,N14
62015CO0418,62011CO0589,N6
62015CO0418,62011CO0589,N15
62015CO0418,62012CO0365,N5
62015CO0418,62014CJ0249,N24
62015CO0418,62014CJ0249,N11
62015CO0418,62014CO0033,N4
62015CO0418,62014CO0033,N6
62015CO0418,62014CO0033,N11
62015CO0418,62014CO0033,N7
62015CO0410,61997CO0151,N61
62015CO0410,61997CO0151,N6
62015CO0410,62007CJ0319,N64
62015CO0410,62007CJ0319,N12
62015CO0410,62007CJ0319,N70
62015CO0410,62009CJ0083,N47
62015CO0410,62009CJ0083,N10
62015CO0410,62011CO0589,N14
62015CO0410,62011CO0589,N6
62015CO0410,62011CO0589,N15
62015CO0410,62012CO0365,N5
62015CO0410,62014CO0033,N4
62015CO0410,62014CO0033,N6
62015CO0410,62014CO0033,N7
62015CO0410,62014CO0033,N11
62015CO0386,61989CO0206,N14
62015CO0386,61989CO0206,N38
62015CO0386,61997CO0089,N45
62015CO0386,61997CO0089,N38
62015CO0386,62004CO0007,N23
62015CO0386,62004CO0007,N24
62015CO0386,62004CO0007,N26
62015CO0299,62012CJ0370,N83
62015CO0299,62012CJ0370,N21
62015CO0299,62012CJ0514,N17
62015CO0299,62012CJ0514,N22
62015CO0299,62012CJ0561,N28
62015CO0299,62012CJ0561,N22
62015CO0299,62013CO0555,N27
62015CO0299,62013CO0555,N20
62015CO0299,62014CO0019,N22
62015CO0299,62014CO0019,N33
62015CO0299,62014CO0068,N16
62015CO0299,62014CO0068,N25
62015CO0299,62014CO0578,N15
62015CO0299,62014CO0578,N23
62015CO0299,62014CO0578,N16
62015CO0299,62014CO0578,N24
62014CO0291,62004CJ0167,N108
62014CO0291,62004CJ0167,N32
62014CO0291,62008CJ0399,N75
62014CO0291,62008CJ0399,N50
62014CO0291,62012CJ0408,N44
62014CO0291,62012CJ0408,N32
62014CO0291,62013CJ0467,N26
62014CO0291,62013CJ0467,N31
62015CO0023,61981CJ0141,N6
62015CO0023,61981CJ0141,N7
62015CO0023,61990CJ0320,N6
62015CO0023,61990CJ0320,N5
62015CO0023,61991CJ0083,N22
62015CO0023,61991CJ0083,N4
62015CO0023,62002CO0190,N16
62015CO0023,62002CO0190,N6
62015CO0023,62006CJ0445,N65
62015CO0023,62006CJ0445,N4
62015CO0023,62009CO0181,N11
62015CO0023,62009CO0181,N7
62015CO0023,62009CO0181,N9
62015CO0023,62009CO0181,N6
62015CO0023,62009CO0181,N8
62015CO0023,62009CO0181,N5
62015CO0023,62012CO0318,N5
62015CO0023,62012CO0318,N4
62015CO0023,62012CO0318,N6
62015CO0023,62012CO0318,N7
62013CO0624,61998CJ0046,N38
62013CO0624,61998CJ0046,N60
62013CO0624,62000CJ0280,N7
62013CO0624,62000CJ0280,N18
62013CO0624,62000CJ0280,N21
62013CO0624,62000CJ0280,N22
62013CO0624,62001CJ0002,N47
62013CO0624,62001CJ0002,N51
62013CO0624,62003CJ0205,N22
62013CO0624,62003CJ0205,N73
62013CO0624,62003CJ0205,N21
62013CO0624,62006CJ0120,N90
62013CO0624,62006CJ0120,N35
62013CO0624,62007CJ0431,N148
62013CO0624,62007CJ0431,N60
62013CO0624,62007CJ0431,N61
62013CO0624,62007CJ0431,N54
62013CO0624,62007CJ0431,N63
62013CO0624,62007CJ0431,N55
62013CO0624,62007CJ0514,N126
62013CO0624,62007CJ0514,N74
62013CO0624,62008CJ0583,N35
62013CO0624,62008CJ0583,N37
62013CO0624,62009CJ0090,N59
62013CO0624,62009CJ0090,N37
62013CO0624,62009CJ0148,N81
62013CO0624,62009CJ0148,N56
62013CO0624,62009CJ0148,N79
62013CO0624,62009CJ0148,N55
62013CO0624,62011CJ0646,N31
62013CO0624,62011CJ0646,N55
62013CO0624,62011CJ0646,N32
62013CO0624,62011CJ0646,N56
62013CO0624,62013CO0227,N83
62013CO0624,62013CO0227,N68
62013CO0621,61998CJ0046,N38
62013CO0621,61998CJ0046,N45
62013CO0621,62000CJ0280,N5
62013CO0621,62000CJ0280,N11
62013CO0621,62000CJ0280,N51
62013CO0621,62000CJ0280,N55
62013CO0621,62001CJ0002,N47
62013CO0621,62001CJ0002,N58
62013CO0621,62006CJ0120,N90
62013CO0621,62006CJ0120,N29
62013CO0621,62006CJ0120,N96
62013CO0621,62006CJ0120,N33
62013CO0621,62007CJ0431,N148
62013CO0621,62007CJ0431,N45
62013CO0621,62008CJ0583,N35
62013CO0621,62008CJ0583,N36
62013CO0621,62009CJ0106,N136
62013CO0621,62009CJ0106,N53
62013CO0621,62013CO0227,N83
62013CO0621,62013CO0227,N56
62014CO0296,61964CJ0006,N7
62014CO0296,61994CJ0039,N60
62014CO0296,61994CJ0039,N7
62014CO0296,61994CJ0039,N28
62014CO0296,61994CJ0039,N34
62014CO0296,61996CJ0342,N41
62014CO0296,61996CJ0342,N7
62014CO0296,61996CJ0342,N28
62014CO0296,61996CJ0342,N34
62014CO0296,61998CJ0352,N34
62014CO0296,61998CJ0352,N42
62014CO0296,62000CJ0041,N16
62014CO0296,62000CJ0041,N43
62014CO0296,62000CJ0041,N15
62014CO0296,62000CJ0041,N42
62014CO0296,62000CJ0280,N84
62014CO0296,62000CJ0280,N7
62014CO0296,62000CJ0280,N28
62014CO0296,62000CJ0280,N34
62014CO0296,62003CJ0131,N50
62014CO0296,62003CJ0131,N43
62014CO0296,62003CJ0131,N49
62014CO0296,62003CJ0131,N42
62014CO0296,62009CJ0335,N24
62014CO0296,62009CJ0335,N32
62014CO0296,62009CJ0335,N23
62014CO0296,62012CJ0531,N48
62014CO0296,62012CJ0531,N43
62014CO0296,62013CO0412,N50
62014CO0296,62013CO0412,N42
62014CO0068,61990CJ0320,N6
62014CO0068,61990CJ0320,N13
62014CO0068,61990CJ0320,N7
62014CO0068,61990CJ0320,N16
62014CO0068,61994CO0167,N9
62014CO0068,61994CO0167,N14
62014CO0068,62005CJ0295,N40
62014CO0068,62005CJ0295,N21
62014CO0068,62007CO0305,N17
62014CO0068,62007CO0305,N14
62014CO0068,62007CO0305,N16
62014CO0068,62007CO0305,N13
62014CO0068,62008CO0404,N32
62014CO0068,62008CO0404,N16
62014CO0068,62008CO0404,N30
62014CO0068,62008CO0404,N14
62014CO0068,62008CO0404,N29
62014CO0068,62008CO0404,N13
62014CO0068,62008CO0404,N31
62014CO0068,62008CO0404,N15
62014CO0068,62009CJ0128,N24
62014CO0068,62009CJ0128,N15
62014CO0068,62010CO0020,N71
62014CO0068,62010CO0020,N21
62014CO0068,62011CJ0677,N8
62014CO0068,62012CO0185,N5
62014CO0068,62012CO0185,N14
62014CO0068,62013CO0181,N13
62014CO0068,62013CO0181,N15
62014CO0068,62013CO0181,N14
62014CO0068,62013CO0181,N16
62014CO0068,62014CO0019,N17
62014CO0068,62014CO0019,N13
62013CO0587,61962CJ0025,N41
62013CO0587,61988CJ0152,N11
62013CO0587,61988CJ0152,N52
62013CO0587,61989CJ0100,N24
62013CO0587,61989CJ0100,N56
62013CO0587,61998CJ0451,N52
62013CO0587,61998CJ0451,N42
62013CO0587,62003CJ0397,N85
62013CO0587,62003CJ0397,N58
62013CO0587,62007CO0483,N50
62013CO0587,62007CO0483,N52
62013CO0587,62009CJ0071,N52
62013CO0587,62009CJ0071,N41
62013CO0587,62009CJ0071,N56
62013CO0587,62009CJ0352,N180
62013CO0587,62009CJ0352,N58
62013CO0587,62011CJ0583,N92
62013CO0587,62011CJ0583,N48
62013CO0587,62011CJ0583,N90
62013CO0587,62011CJ0583,N72
62013CO0587,62011CJ0583,N41
62013CO0587,62012CJ0274,N47
62013CO0587,62012CJ0274,N42
62013CO0587,62012CJ0274,N5
62013CO0587,62012CJ0274,N37
62013CO0587,62012CJ0274,N43
62013CO0587,62012CJ0274,N46
62013CO0587,62012CJ0274,N49
62014CO0099,61999CJ0029,N26
62014CO0099,62001CJ0239,N26
62014CO0099,62001CJ0239,N38
62014CO0099,62001CJ0239,N42
62014CO0099,62009CJ0504,N26
62014CO0099,62009CJ0505,N30
62014CO0099,62011CJ0583,N18
62014CO0099,62012CJ0427,N26
62013CO0384,61969CJ0005,N26
62013CO0384,61971CJ0022,N26
62013CO0384,61996CJ0306,N26
62013CO0384,61999CJ0214,N37
62013CO0384,62005CJ0238,N26
62013CO0384,62006CJ0279,N44
62013CO0384,62007CJ0260,N44
62013CO0384,62007CJ0260,N46
62013CO0384,62007CO0506,N27
62013CO0384,62007CO0506,N28
62013CO0384,62007CO0506,N29
62013CO0384,62007CO0506,N30
62013CO0384,62007CO0506,N31
62013CO0384,62007CO0506,N32
62013CO0384,62007CO0506,N36
62013CO0384,62009CJ0360,N34
62013CO0384,62011CJ0226,N35
62013CO0384,62012CJ0142,N44
62013CO0384,62012CJ0142,N45
62013CO0384,62012CJ0142,N46
62013CO0384,62012CJ0142,N47
62014CO0202,62008CJ0089,N26
62014CO0202,62008CJ0089,N27
62014CO0431,61976CJ0078,N27
62014CO0431,61987CJ0142,N45
62014CO0431,61989CO0056,N20
62014CO0431,61996CJ0288,N37
62014CO0431,61997CJ0075,N32
62014CO0431,61997CJ0251,N29
62014CO0431,61997CJ0256,N36
62014CO0431,61997CJ0372,N30
62014CO0431,61997CJ0372,N32
62014CO0431,61998CJ0379,N27
62014CO0431,61999CJ0310,N32
62014CO0431,61999CJ0482,N27
62014CO0431,62000CJ0114,N30
62014CO0431,62000CJ0277,N36
62014CO0431,62000CJ0278,N30
62014CO0431,62000CJ0355,N28
62014CO0431,62000CJ0409,N29
62014CO0431,62001CO0486,N14
62014CO0431,62001CO0486,N17
62014CO0431,62003CJ0182,N30
62014CO0431,62003CO0039,N20
62014CO0431,62003CO0208,N17
62014CO0431,62003CO0208,N22
62014CO0431,62004CO0404,N19
62014CO0431,62004CO0404,N21
62014CO0431,62004CO0404,N24
62014CO0431,62005CJ0075,N36
62014CO0431,62005CJ0075,N37
62014CO0431,62009CJ0464,N37
62014CO0431,62010CJ0081,N29
62014CO0431,62011CJ0677,N27
62014CO0431,62013CO0426,N20
62014CO0431,62014CO0078,N19
62013CO0275,61998CJ0379,N32
62013CO0275,62006CJ0206,N32
62013CO0275,62012CJ0262,N21
62013CO0275,62012CJ0262,N22
62013CO0275,62012CJ0262,N24
62013CO0275,62012CJ0262,N25
62013CO0275,62012CJ0262,N26
62013CO0275,62012CJ0262,N30
62013CO0275,62012CJ0262,N32
62013CO0242,62013CJ0242,N1
62009CO0471,61989CO0104,N26
62009CO0471,62009CJ0471,N2
62009CO0471,62009CJ0471,N3
62009CO0471,62009CJ0471,N4
62009CO0471,62009CJ0471,N5
62009CO0471,62009CJ0471,N6
62009CO0471,62009CJ0471,N7
62009CO0471,62009CJ0471,N8
62009CO0471,62009CJ0471,N9
62009CO0471,62009CJ0471,N10
62009CO0471,62009CJ0471,N11
62009CO0471,62009CJ0471,N12
62009CO0471,62009CJ0471,N13
62009CO0471,62009CJ0471,N14
62009CO0471,62009CJ0471,N15
62009CO0471,62009CJ0471,N16
62009CO0471,62009CJ0471,N17
62009CO0471,62009CJ0471,N18
62009CO0471,62009CJ0471,N19
62009CO0471,62009CJ0471,N20
62009CO0471,62009CJ0471,N21
62009CO0471,62009CJ0471,N22
62009CO0471,62009CJ0471,N23
62009CO0471,62009CJ0471,N24
62009CO0471,62009CJ0471,N25
62009CO0471,62009CJ0471,N26
62009CO0471,62009CJ0471,N27
62009CO0471,62009CJ0471,N28
62009CO0471,62009CO0465,N19
62009CO0471,62009CO0465,N20
62009CO0471,62010CJ0252,N19
62009CO0471,62010CO0451,N19
62009CO0471,62010CO0451,N20
62009CO0474,61989CO0104,N30
62009CO0474,62009CJ0474,N2
62009CO0474,62009CJ0474,N3
62009CO0474,62009CJ0474,N4
62009CO0474,62009CJ0474,N5
62009CO0474,62009CJ0474,N6
62009CO0474,62009CJ0474,N7
62009CO0474,62009CJ0474,N8
62009CO0474,62009CJ0474,N9
62009CO0474,62009CJ0474,N10
62009CO0474,62009CJ0474,N11
62009CO0474,62009CJ0474,N12
62009CO0474,62009CJ0474,N13
62009CO0474,62009CJ0474,N14
62009CO0474,62009CJ0474,N15
62009CO0474,62009CJ0474,N16
62009CO0474,62009CJ0474,N17
62009CO0474,62009CJ0474,N18
62009CO0474,62009CJ0474,N19
62009CO0474,62009CJ0474,N20
62009CO0474,62009CJ0474,N21
62009CO0474,62009CJ0474,N22
62009CO0474,62009CJ0474,N23
62009CO0474,62009CJ0474,N24
62009CO0474,62009CJ0474,N25
62009CO0474,62009CJ0474,N26
62009CO0474,62009CJ0474,N27
62009CO0474,62009CJ0474,N28
62009CO0474,62009CJ0474,N29
62009CO0474,62009CJ0474,N30
62009CO0474,62009CJ0474,N31
62009CO0474,62009CJ0474,N32
62009CO0474,62009CO0465,N21
62009CO0474,62009CO0465,N22
62009CO0474,62010CJ0252,N21
62009CO0474,62010CO0451,N21
62009CO0474,62010CO0451,N22
62013CO0145,62002CJ0189,N24
62013CO0145,62002CJ0189,N30
62013CO0145,62006CJ0535,N43
62013CO0145,62009CJ0071,N30
62013CO0145,62011CJ0089,N43
62013CO0094,62009CJ0071,N18
62013CO0094,62009CJ0071,N19
62013CO0094,62009CJ0071,N21
62013CO0094,62009CJ0071,N22
62013CO0094,62009CJ0071,N23
62013CO0227,61994CJ0159,N78
62013CO0227,62002CJ0189,N41
62013CO0227,62002CJ0189,N62
62013CO0227,62006CJ0390,N77
62013CO0227,62006CJ0535,N83
62013CO0227,62007CJ0333,N77
62013CO0227,62008CJ0280,N62
62013CO0227,62008CJ0399,N24
62013CO0227,62009CJ0071,N21
62013CO0227,62009CJ0071,N29
62013CO0227,62009CJ0071,N30
62013CO0227,62009CJ0071,N46
62013CO0227,62009CJ0071,N49
62013CO0227,62009CJ0071,N57
62013CO0227,62009CJ0071,N70
62013CO0227,62009CJ0071,N85
62013CO0227,62009CO0117,N77
62013CO0227,62010CJ0081,N88
62013CO0227,62011CJ0089,N83
62013CO0227,62011CJ0630,N56
62013CO0227,62012CJ0058,N56
62013CO0102,61988CJ0058,N31
62013CO0102,62013CO0397,N44
62013CO0027,62009CJ0001,N30
62013CO0027,62009CJ0001,N31
62013CO0027,62012CJ0284,N20
62013CO0027,62012CJ0284,N21
62013CO0027,62012CJ0284,N22
62013CO0027,62012CJ0284,N23
62013CO0027,62012CJ0284,N24
62013CO0027,62012CJ0284,N25
62013CO0027,62012CJ0284,N26
62013CO0142,62008CJ0485,N29
62013CO0142,62009CJ0215,N29
62013CO0142,62009CJ0215,N31
62013CO0142,62010CJ0316,N23
62013CO0142,62012CO0154,N20
62013CO0574,61996CO0268,N18
62013CO0574,62000CO0278,N19
62013CO0574,62000CO0445,N18
62013CO0574,62001CO0404,N19
62013CO0574,62002CJ0189,N20
62013CO0574,62005CO0171,N20
62013CO0181,61990CJ0320,N13
62013CO0181,61991CJ0083,N11
62013CO0181,62000CO0116,N13
62013CO0181,62004CJ0237,N22
62013CO0181,62005CJ0119,N22
62013CO0181,62006CJ0445,N11
62013CO0181,62009CJ0128,N13
62013CO0181,62012CJ0234,N12
62013CO0181,62012CJ0234,N14
62010CO0553,62010CJ0252,N24
62010CO0553,62010CJ0551,N26
62010CO0553,62010CJ0553,N1
62010CO0553,62010CJ0553,N2
62010CO0553,62010CJ0553,N3
62010CO0553,62010CJ0553,N4
62010CO0553,62010CJ0553,N5
62010CO0553,62010CJ0553,N6
62010CO0553,62010CJ0553,N7
62010CO0553,62010CJ0553,N8
62010CO0553,62010CJ0553,N9
62010CO0553,62010CJ0553,N10
62010CO0553,62010CJ0553,N11
62010CO0553,62010CJ0553,N12
62010CO0553,62010CJ0553,N13
62010CO0553,62010CJ0553,N14
62010CO0553,62010CJ0553,N15
62010CO0553,62010CJ0553,N16
62010CO0553,62010CJ0553,N17
62010CO0553,62010CJ0553,N18
62010CO0553,62010CJ0553,N19
62010CO0553,62010CJ0553,N20
62010CO0553,62010CJ0553,N21
62010CO0553,62010CJ0553,N22
62010CO0553,62010CJ0553,N23
62010CO0553,62010CJ0553,N24
62010CO0553,62010CJ0553,N25
62010CO0553,62010CJ0553,N26
62010CO0553,62010CJ0553,N27
62010CO0553,62010CJ0553,N28
62010CO0553,62010CJ0553,N29
62010CO0553,62010CJ0553,N30
62010CO0553,62010CJ0553,N31
62010CO0553,62010CJ0553,N32
62010CO0553,62010CJ0553,N33
62010CO0553,62010CJ0553,N34
62010CO0553,62010CJ0553,N35
62010CO0553,62010CJ0553,N36
62012CO0581,62012CO0393,N28
62010CO0551,61989CO0104,N32
62010CO0551,62010CJ0551,N1
62010CO0551,62010CJ0551,N29
62010CO0551,62010CJ0551,N31
62010CO0551,62010CJ0551,N32
62010CO0551,62010CJ0551,N34
62010CO0551,62010CO0252,N25
62013CO0278,61988CO0229,N50
62013CO0278,61991CJ0030,N45
62013CO0278,61991CO0213,N50
62013CO0278,61995CO0149,N67
62013CO0278,61996CO0268,N35
62013CO0278,61998CO0043,N40
62013CO0278,61998CO0043,N43
62013CO0278,61999CO0335,N37
62013CO0278,62000CO0278,N36
62013CO0278,62000CO0445,N35
62013CO0278,62001CO0404,N36
62013CO0278,62001CO0404,N50
62013CO0278,62003CO0039,N67
62013CO0278,62006CJ0120,N45
62013CO0278,62010CO0446,N53
62013CO0278,62012CO0551,N52
62012CO0616,61995CJ0367,N29
62012CO0616,62001CJ0241,N30
62012CO0616,62006CJ0413,N29
62012CO0616,62009CJ0036,N30
62012CO0616,62010CJ0109,N29
62012CO0616,62011CJ0478,N30
62012CO0616,62011CJ0652,N29
62009CO0521,61978CO0241,N16
62009CO0521,61982CO0318,N15
62009CO0521,61985CO0089,N14
62009CO0521,61990CO0294,N15
62009CO0521,61991CO0107,N22
62009CO0521,61992CO0137,N24
62009CO0521,62003CO0003,N12
62009CO0521,62004CO0105,N12
62009CO0521,62004CO0105,N22
62009CO0521,62004CO0113,N22
62009CO0521,62005CO0326,N11
62009CO0521,62007CO0498,N16
62009CO0521,62007CO0498,N22
62009CO0521,62008CJ0097,N20
62009CO0521,62009CO0465,N14
62009CO0521,62010CO0451,N15
62009CO0521,62010CO0451,N22
62009CO0521,62011CO0191,N24
62012CO0034,61992CJ0051,N85
62012CO0034,61992CJ0136,N80
62012CO0034,61998CJ0257,N80
62012CO0034,61998CJ0352,N31
62012CO0034,61998CJ0352,N32
62012CO0034,61999CJ0315,N38
62012CO0034,61999CJ0315,N46
62012CO0034,61999CJ0315,N49
62012CO0034,62000CJ0204,N43
62012CO0034,62000CJ0204,N62
62012CO0034,62005CJ0412,N64
62012CO0034,62006CJ0016,N63
62012CO0034,62006CJ0120,N43
62012CO0034,62006CJ0348,N80
62012CO0034,62006CJ0487,N31
62012CO0034,62008CO0290,N85
62012CO0034,62010CO0448,N32
62005CO0075,62003CO0012,N14
62005CO0075,62004CO0105,N40
62005CO0075,62005CO0326,N39
62005CO0075,62007CO0204,N29
62005CO0075,62007CO0204,N44
62005CO0075,62007CO0498,N32
62005CO0075,62008CO0432,N32
62005CO0075,62008CO0528,N14
62005CO0075,62010CO0451,N29
62009CO0496,62008CO0114,N8
62009CO0496,62009CJ0496,N1
62009CO0496,62009CJ0496,N2
62009CO0496,62009CJ0496,N3
62009CO0496,62009CJ0496,N4
62009CO0496,62009CJ0496,N5
62009CO0496,62009CJ0496,N6
62009CO0496,62009CJ0496,N7
62009CO0496,62009CJ0496,N8
62009CO0496,62009CJ0496,N9
62009CO0496,62009CJ0496,N10
62009CO0496,62009CJ0496,N11
62009CO0496,62009CJ0496,N12
62012CO0436,62009CJ0071,N17
62012CO0436,62009CJ0071,N18
62012CO0436,62009CJ0071,N24
62012CO0436,62009CJ0071,N26
62012CO0436,62009CJ0071,N28
62012CO0368,61981CJ0141,N24
62012CO0368,61985CJ0098,N21
62012CO0368,61996CJ0176,N24
62012CO0368,61998CO0422,N25
62012CO0368,61999CJ0006,N22
62012CO0368,62004CJ0344,N17
62012CO0368,62004CJ0344,N18
62012CO0368,62004CJ0344,N19
62012CO0368,62004CJ0344,N21
62012CO0368,62004CJ0344,N22
62012CO0368,62006CO0467,N20
62012CO0368,62008CO0404,N22
62012CO0368,62011CJ0059,N16
62012CO0368,62011CO0348,N24
62012CO0551,61981CO0020,N32
62012CO0551,61990CO0051,N32
62012CO0551,61990CO0051,N60
62012CO0551,61991CO0225,N40
62012CO0551,61993CO0280,N40
62012CO0551,61995CO0149,N22
62012CO0551,61996CO0268,N21
62012CO0551,61996CO0268,N40
62012CO0551,61996CO0393,N37
62012CO0551,61998CO0043,N54
62012CO0551,61998CO0364,N21
62012CO0551,61998CO0364,N22
62012CO0551,61999CO0335,N40
62012CO0551,62000CO0445,N23
62012CO0551,62009CO0113,N39
62012CO0551,62010CO0404,N24
62012CO0551,62011CO0644,N37
62012CO0551,62012CO0110,N24
62012CO0551,62012CO0110,N41
62012CO0551,62012CO0168,N21
62012CO0551,62012CO0168,N23
62012CO0551,62012CO0168,N25
62009CO0465,61989CO0104,N30
62009CO0465,61989CO0104,N31
62009CO0465,61989CO0104,N38
62009CO0465,62003CO0012,N30
62009CO0465,62003CO0012,N31
62009CO0465,62004CO0105,N35
62009CO0465,62004CO0206,N35
62009CO0465,62007CO0197,N23
62009CO0465,62010CO0252,N22
62009CO0465,62010CO0451,N22
62009CO0465,62010CO0451,N23
62012CO0117,61993CJ0070,N31
62012CO0117,61993CJ0415,N23
62012CO0117,61996CJ0306,N31
62012CO0117,62005CJ0222,N24
62012CO0117,62007CJ0260,N32
62012CO0117,62007CJ0260,N34
62012CO0117,62007CJ0260,N38
62012CO0117,62007CO0506,N32
62012CO0117,62009CJ0045,N23
62011CO0593,62005CJ0362,N29
62011CO0593,62009CJ0521,N44
62011CO0593,62009CJ0521,N45
62011CO0593,62010CJ0628,N34
62011CO0593,62010CJ0628,N40
62011CO0593,62010CJ0628,N42
62011CO0593,62010CJ0628,N43
62011CO0593,62010CO0367,N27
62011CO0593,62011CO0493,N28
62011CO0654,62003CJ0551,N48
62011CO0654,62006CJ0487,N48
62011CO0654,62009CJ0260,N48
62011CO0654,62009CJ0521,N31
62011CO0654,62009CJ0521,N32
62011CO0654,62010CJ0628,N23
62011CO0654,62010CJ0628,N24
62011CO0654,62010CJ0628,N29
62011CO0654,62010CJ0628,N30
62011CO0654,62010CO0448,N22
62011CO0654,62010CO0448,N48
62011CO0603,61996CJ0176,N15
62011CO0603,62000CO0116,N17
62011CO0603,62002CO0190,N14
62011CO0603,62003CJ0134,N14
62011CO0603,62005CJ0295,N17
62011CO0603,62005CJ0380,N17
62011CO0603,62006CJ0250,N14
62011CO0603,62006CJ0250,N15
62011CO0603,62008CJ0393,N10
62011CO0603,62009CJ0389,N17
62011CO0603,62009CJ0437,N11
62011CO0603,62010CO0020,N12
62011CO0603,62010CO0432,N16
62011CO0495,61959CJ0042,N23
62011CO0495,62007CJ0202,N14
62011CO0495,62007CJ0202,N36
62011CO0495,62008CJ0097,N42
62011CO0495,62008CJ0413,N80
62011CO0495,62008CJ0413,N81
62011CO0495,62009CJ0201,N23
62011CO0495,62009CJ0520,N23
62011CO0495,62009CJ0520,N26
62011CO0495,62009CJ0521,N31
62011CO0495,62009CJ0521,N36
62011CO0495,62009CJ0521,N48
62011CO0495,62009CJ0521,N49
62011CO0495,62009CJ0521,N51
62011CO0495,62009CJ0521,N57
62011CO0495,62011CJ0289,N52
62011CO0495,62011CO0421,N14
62011CO0495,62011CO0421,N26
62011CO0495,62011CO0421,N28
62011CO0495,62011CO0421,N29
62011CO0495,62011CO0421,N33
62011CO0495,62011CO0421,N36
62011CO0495,62011CO0421,N43
62011CO0495,62011CO0421,N48
62011CO0495,62011CO0421,N51
62011CO0494,61995CJ0367,N94
62011CO0494,62004CJ0407,N66
62011CO0494,62007CJ0534,N66
62011CO0494,62007CJ0550,N53
62011CO0494,62008CJ0097,N40
62011CO0494,62008CJ0097,N42
62011CO0494,62008CJ0407,N43
62011CO0494,62009CJ0090,N41
62011CO0494,62009CJ0272,N65
62011CO0494,62009CJ0520,N41
62011CO0494,62009CJ0521,N41
62011CO0494,62010CJ0403,N94
62011CO0493,61996CJ0259,N42
62011CO0493,61999CJ0197,N48
62011CO0493,62005CJ0362,N43
62011CO0493,62009CJ0090,N42
62011CO0493,62009CJ0263,N48
62010CO0451(01),61989CO0104,N17
62010CO0451(01),62003CO0012,N17
62010CO0451(01),62003CO0012,N18
62010CO0451(01),62003CO0012,N19
62010CO0451(01),62003CO0012,N20
62010CO0451(01),62003CO0012,N27
62010CO0451(01),62004CO0105,N22
62010CO0451(01),62004CO0105,N26
62010CO0451(01),62005CO0326,N18
62010CO0451(01),62005CO0326,N28
62010CO0451(01),62006CO0122,N18
62010CO0451(01),62007CO0204,N19
62010CO0451(01),62007CO0204,N20
62010CO0451(01),62010CJ0451,N1
62010CO0451(01),62010CJ0451,N2
62010CO0451(01),62010CJ0451,N3
62010CO0451(01),62010CJ0451,N4
62010CO0451(01),62010CJ0451,N5
62010CO0451(01),62010CJ0451,N6
62010CO0451(01),62010CJ0451,N7
62010CO0451(01),62010CJ0451,N8
62010CO0451(01),62010CJ0451,N9
62010CO0451(01),62010CJ0451,N10
62010CO0451(01),62010CJ0451,N11
62010CO0451(01),62010CJ0451,N12
62010CO0451(01),62010CJ0451,N13
62010CO0451(01),62010CJ0451,N14
62010CO0451(01),62010CJ0451,N15
62010CO0451(01),62010CJ0451,N16
62010CO0451(01),62010CJ0451,N17
62010CO0451(01),62010CJ0451,N18
62010CO0451(01),62010CJ0451,N19
62010CO0451(01),62010CJ0451,N20
62010CO0451(01),62010CJ0451,N21
62010CO0451(01),62010CJ0451,N22
62010CO0451(01),62010CJ0451,N23
62010CO0451(01),62010CJ0451,N24
62010CO0451(01),62010CJ0451,N25
62010CO0451(01),62010CJ0451,N26
62010CO0451(01),62010CJ0451,N27
62010CO0451(01),62010CJ0451,N28
62010CO0451(01),62010CJ0451,N29
62010CO0451(01),62010CJ0451,N30
62010CO0451(01),62010CJ0451,N31
62010CO0451(01),62010CJ0451,N32
62010CO0451(01),62010CJ0451,N33
62010CO0451(01),62010CJ0451,N34
62010CO0451(01),62010CJ0451,N35
62011CO0389,61998CJ0352,N25
62011CO0389,62000CJ0041,N25
62011CO0389,62001CJ0076,N25
62011CO0389,62003CJ0131,N25
62011CO0389,62004CJ0355,N25
62011CO0240,62009CJ0320,N65
62011CO0240,62010CJ0252,N41
62011CO0602,61999CJ0453,N24
62011CO0602,62004CJ0295,N8
62011CO0602,62006CO0130,N10
62011CO0602,62007CO0461,N10
62011CO0590,61999CJ0453,N24
62011CO0590,62004CJ0295,N8
62011CO0590,62006CO0130,N10
62011CO0590,62007CO0461,N10
62011CO0596,61999CJ0453,N24
62011CO0596,62004CJ0295,N8
62011CO0596,62006CO0130,N10
62011CO0596,62007CO0461,N10
62011CO0598,61999CJ0453,N24
62011CO0598,62004CJ0295,N8
62011CO0598,62006CO0130,N10
62011CO0598,62007CO0461,N10
62011CO0589,61999CJ0453,N24
62011CO0589,62004CJ0295,N8
62011CO0589,62006CO0130,N10
62011CO0589,62007CO0461,N10
62011CO0600,61999CJ0453,N24
62011CO0600,62004CJ0295,N8
62011CO0600,62006CO0130,N10
62011CO0600,62007CO0461,N10
62011CO0507,61997CJ0119,N80
62011CO0507,61997CJ0119,N81
62011CO0507,61997CJ0119,N82
62011CO0507,61999CO0364,N33
62011CO0507,61999CO0364,N34
62011CO0507,62004CJ0113,N48
62011CO0507,62009CJ0090,N30
62011CO0507,62009CJ0090,N31
62011CO0507,62009CJ0096,N72
62011CO0507,62009CJ0191,N32
62011CO0507,62009CJ0318,N72
62011CO0507,62009CO0113,N49
62011CO0507,62009CO0113,N51
62011CO0507,62009CO0113,N52
62011CO0507,62010CO0373,N33
62011CO0507,62010CO0373,N34
62011CO0507,62010CO0373,N35
62011CO0507,62010CO0530,N52
62011CO0507,62010CO0530,N53
62010CO0529,62002CJ0255,N9
62010CO0529,62002CJ0255,N14
62010CO0529,62002CJ0255,N21
62010CO0529,62004CJ0196,N22
62010CO0529,62004CJ0524,N22
62010CO0529,62006CJ0425,N9
62010CO0529,62006CJ0425,N14
62010CO0529,62006CJ0425,N21
62010CO0529,62007CJ0330,N22
62010CO0529,62008CJ0182,N18
62010CO0529,62008CJ0182,N22
62010CO0529,62008CJ0384,N26
62010CO0529,62010CJ0417,N17
62010CO0529,62010CJ0417,N18
62010CO0529,62010CJ0417,N19
62010CO0529,62010CJ0417,N21
62010CO0529,62010CJ0417,N22
62010CO0529,62010CJ0417,N23
62010CO0529,62010CJ0417,N24
62010CO0529,62010CJ0417,N25
62010CO0529,62010CJ0417,N26
62010CO0529,62010CJ0417,N27
62010CO0529,62010CJ0417,N28
62010CO0529,62010CJ0417,N29
62010CO0529,62010CJ0417,N30
62010CO0529,62010CJ0417,N31
62010CO0529,62010CJ0417,N32
62011CO0200,61998CJ0352,N52
62011CO0200,62000CJ0041,N52
62011CO0200,62003CJ0131,N52
62011CO0200,62006CJ0120,N57
62011CO0200,62007CJ0127,N74
62011CO0200,62007CJ0334,N37
62011CO0200,62009CJ0067,N27
62011CO0200,62009CJ0067,N74
62011CO0200,62009CJ0138,N27
62011CO0200,62010CJ0252,N57
62011CO0167,61998CJ0352,N99
62011CO0167,62000CJ0041,N99
62011CO0167,62003CJ0131,N99
62011CO0167,62003CJ0397,N88
62011CO0167,62006CJ0003,N88
62011CO0167,62007CJ0127,N74
62011CO0167,62007CJ0334,N51
62011CO0167,62007CJ0514,N90
62011CO0167,62009CJ0067,N74
62011CO0167,62009CJ0067,N76
62011CO0167,62009CJ0067,N82
62011CO0167,62009CJ0067,N92
62011CO0167,62009CJ0071,N37
62011CO0167,62009CJ0071,N43
62011CO0167,62009CJ0071,N111
62011CO0404,61959CJ0042,N23
62011CO0404,61982CJ0107,N28
62011CO0404,61982CJ0107,N36
62011CO0404,61998CJ0286,N47
62011CO0404,61998CJ0286,N49
62011CO0404,62002CJ0189,N47
62011CO0404,62002CJ0189,N48
62011CO0404,62003CJ0397,N41
62011CO0404,62005CJ0328,N90
62011CO0404,62006CJ0003,N41
62011CO0404,62007CJ0202,N15
62011CO0404,62007CJ0202,N76
62011CO0404,62007CJ0202,N64
62011CO0404,62007CJ0202,N82
62011CO0404,62008CJ0097,N28
62011CO0404,62008CJ0097,N36
62011CO0404,62008CJ0097,N44
62011CO0404,62008CJ0097,N45
62011CO0404,62008CJ0097,N46
62011CO0404,62008CJ0097,N47
62011CO0404,62008CJ0097,N49
62011CO0404,62008CJ0097,N57
62011CO0404,62008CJ0413,N86
62011CO0404,62009CJ0090,N28
62011CO0404,62009CJ0090,N36
62011CO0404,62009CJ0090,N46
62011CO0404,62009CJ0090,N57
62011CO0404,62009CJ0201,N23
62011CO0404,62009CJ0201,N28
62011CO0404,62009CJ0201,N36
62011CO0404,62009CJ0201,N46
62011CO0404,62009CJ0520,N23
62011CO0404,62009CJ0520,N26
62011CO0404,62009CJ0520,N28
62011CO0404,62009CJ0520,N36
62011CO0404,62009CJ0520,N46
62011CO0404,62009CJ0521,N28
62011CO0404,62009CJ0521,N31
62011CO0404,62009CJ0521,N33
62011CO0404,62009CJ0521,N36
62011CO0404,62009CJ0521,N46
62011CO0404,62009CJ0521,N57
62011CO0404,62009CJ0521,N64
62011CO0404,62009CJ0521,N72
62011CO0421,61959CJ0042,N25
62011CO0421,61982CJ0107,N30
62011CO0421,61998CJ0286,N48
62011CO0421,61998CJ0286,N50
62011CO0421,62002CJ0189,N48
62011CO0421,62002CJ0189,N49
62011CO0421,62003CJ0397,N41
62011CO0421,62005CJ0328,N87
62011CO0421,62006CJ0003,N41
62011CO0421,62007CJ0202,N17
62011CO0421,62008CJ0097,N30
62011CO0421,62008CJ0097,N46
62011CO0421,62008CJ0097,N47
62011CO0421,62008CJ0097,N48
62011CO0421,62008CJ0097,N50
62011CO0421,62008CJ0413,N80
62011CO0421,62009CJ0090,N30
62011CO0421,62009CJ0090,N47
62011CO0421,62009CJ0201,N25
62011CO0421,62009CJ0201,N30
62011CO0421,62009CJ0201,N47
62011CO0421,62009CJ0216,N25
62011CO0421,62009CJ0520,N25
62011CO0421,62009CJ0520,N28
62011CO0421,62009CJ0520,N30
62011CO0421,62009CJ0520,N38
62011CO0421,62009CJ0520,N47
62011CO0421,62009CJ0520,N70
62011CO0421,62009CJ0520,N81
62011CO0421,62009CJ0520,N83
62011CO0421,62009CJ0521,N30
62011CO0421,62009CJ0521,N33
62011CO0421,62009CJ0521,N35
62011CO0421,62009CJ0521,N38
62011CO0421,62009CJ0521,N47
62011CO0421,62009CJ0521,N56
62011CO0421,62009CJ0521,N58
62011CO0421,62009CJ0521,N59
62011CO0421,62009CJ0521,N62
62010CO0446,61985CO0310,N46
62010CO0446,61985CO0310,N48
62010CO0446,61987CO0142,N46
62010CO0446,61987CO0142,N48
62010CO0446,61990CO0051,N17
62010CO0446,61995CO0149,N64
62010CO0446,61996CO268,N63
62010CO0446,61998CO0043,N17
62010CO0446,61999CO0364,N20
62010CO0446,62000CO0445,N63
62010CO0446,62000CO0445,N65
62010CO0446,62001CO0007,N20
62010CO0446,62001CO0404,N54
62010CO0446,62001CO0404,N55
62010CO0446,62001CO0404,N56
62010CO0446,62001CO0404,N57
62010CO0446,62002CO0232,N22
62010CO0446,62002CO0232,N47
62010CO0446,62002CO0232,N48
62010CO0446,62004CJ0248,N23
62010CO0446,62006CO0459,N64
62010CO0446,62008CO060,N72
62010CO0446,62009CO0113,N18
62010CO0446,62010CO0404,N66
62010CO0448,61998CJ0352,N62
62010CO0448,62001CJ0076,N62
62010CO0448,62001CJ0082,N33
62010CO0448,62002CJ0186,N68
62010CO0448,62003CJ0551,N34
62010CO0448,62006CJ0413,N32
62010CO0448,62006CJ0487,N34
62010CO0448,62007CJ0431,N50
62010CO0448,62009CJ0260,N34
62011CO0161,62007CJ0550,N21
62011CO0161,62007CJ0555,N22
62011CO0161,62008CJ0101,N39
62011CO0161,62008CJ0174,N39
62011CO0161,62009CJ0208,N21
62011CO0161,62009CO0457,N24
62011CO0161,62010CJ0149,N21
62011CO0161,62010CJ0400,N24
62011CO0161,62010CO0020,N20
62011CO0161,62010CO0020,N21
62011CO0161,62010CO0020,N23
62011CO0161,62010CO0020,N24
62011CO0161,62010CO0020,N26
62011CO0161,62010CO0020,N27
62011CO0161,62010CO0020,N28
62011CO0161,62010CO0020,N29
62011CO0161,62010CO0020,N30
62011CO0161,62010CO0020,N32
62011CO0161,62010CO0020,N34
62011CO0161,62010CO0020,N38
62011CO0161,62010CO0267,N24
62011CO0161,62010CO0339,N24
62011CO0161,62011CO0161,N21
62011CO0161,62011CO0161,N26
62011CO0161,62011CO0161,N31
62011CO0161,62011CO0161,N32
62011CO0161,62011CO0161,N33
62011CO0161,62011CO0161,N37
62011CO0161,62011CO0161,N38
62010CO0367,61978CJ0125,N73
62010CO0367,61981CJ0210,N74
62010CO0367,61983CJ0298,N74
62010CO0367,61984CJ0142,N74
62010CO0367,61995CJ0282,N75
62010CO0367,61997CJ0119,N73
62010CO0367,61997CJ0119,N74
62010CO0367,61997CJ0119,N75
62010CO0367,61998CJ0449,N73
62010CO0367,61998CJ0449,N74
62010CO0367,61998CJ0449,N75
62010CO0367,61999CJ0194,N40
62010CO0367,61999CJ0449,N108
62010CO0367,62001CJ0164,N78
62010CO0367,62002CJ0189,N39
62010CO0367,62002CJ0189,N57
62010CO0367,62002CJ0189,N78
62010CO0367,62002CJ0189,N92
62010CO0367,62003CJ0131,N102
62010CO0367,62004CJ0105,N108
62010CO0367,62006CJ0120,N48
62010CO0367,62006CJ0501,N106
62010CO0367,62007CJ0202,N46
62010CO0367,62008CJ0280,N39
62010CO0367,62008CJ0485,N62
62010CO0367,62008CJ0583,N46
62010CO0521,61992CO0029,N29
62010CO0521,62006CJ0176,N25
62010CO0451,61991CJ0198,N52
62010CO0451,62007CJ0431,N52
62010CO0451,62009CJ0083,N47
62010CO0451,62009CJ0083,N48
62010CO0451,62009CJ0083,N49
62010CO0451,62009CJ0083,N50
62010CO0451,62009CJ0083,N51
62010CO0451,62009CJ0083,N52
62010CO0254,62006CJ0487,N36
62010CO0254,62006CJ0487,N37
62010CO0254,62006CJ0487,N38
62010CO0254,62007CJ0385,N28
62010CO0073,61985CJ0257,N48
62010CO0073,62001CO0406,N49
62010CO0073,62003CO0325,N41
62010CO0073,62005CJ0229,N50
62010CO0073,62008CO0084,N41
62010CO0073,62009CO0112,N42
62010CO0073,62009CO0112,N45
62010CO0020,61989CJ0260,N73
62010CO0020,61996CJ0176,N77
62010CO0020,61998CJ0209,N74
62010CO0020,61999CJ0475,N74
62010CO0020,62002CO0190,N76
62010CO0020,62003CJ0134,N76
62010CO0020,62003CJ0134,N77
62010CO0020,62003CJ0451,N74
62010CO0020,62004CJ0053,N58
62010CO0020,62004CJ0053,N61
62010CO0020,62004CJ0144,N30
62010CO0020,62004CJ0144,N31
62010CO0020,62004CJ0144,N32
62010CO0020,62004CJ0144,N36
62010CO0020,62004CJ0144,N37
62010CO0020,62004CJ0144,N45
62010CO0020,62004CJ0144,N58
62010CO0020,62004CJ0180,N58
62010CO0020,62004CJ0212,N58
62010CO0020,62004CJ0212,N61
62010CO0020,62005CJ0295,N71
62010CO0020,62005CJ0307,N54
62010CO0020,62005CJ0307,N57
62010CO0020,62006CJ0250,N76
62010CO0020,62006CJ0250,N77
62010CO0020,62006CJ0268,N54
62010CO0020,62007CJ0378,N30
62010CO0020,62007CJ0378,N31
62010CO0020,62007CJ0378,N32
62010CO0020,62007CJ0378,N34
62010CO0020,62007CJ0378,N35
62010CO0020,62007CJ0378,N36
62010CO0020,62007CJ0378,N37
62010CO0020,62007CJ0378,N40
62010CO0020,62007CJ0378,N45
62010CO0020,62007CJ0378,N58
62010CO0020,62007CJ0378,N59
62010CO0020,62007CJ0378,N61
62010CO0020,62007CJ0378,N63
62010CO0020,62007CO0364,N58
62010CO0020,62008CJ0486,N56
62010CO0020,62008CO0162,N58
62010CO0020,62008CO0519,N30
62010CO0020,62008CO0519,N31
62010CO0020,62008CO0519,N32
62010CO0020,62008CO0519,N34
62010CO0020,62008CO0519,N35
62010CO0020,62008CO0519,N36
62010CO0020,62008CO0519,N37
62010CO0020,62008CO0519,N58
62010CO0020,62009CJ0098,N30
62010CO0020,62009CJ0098,N31
62010CO0020,62009CJ0098,N34
62010CO0020,62009CJ0098,N35
62010CO0020,62009CJ0098,N38
62010CO0020,62009CJ0098,N43
62010CO0020,62009CJ0098,N61
62010CO0020,62009CJ0098,N63
62010CO0020,62010CJ0400,N52
62010CO0020,62010CO0003,N58
62010CO0074,61979CJ0155,N52
62010CO0074,61979CJ0155,N53
62010CO0074,61995CJ0185,N41
62010CO0074,61996CJ0174,N54
62010CO0074,61999CJ0280,N42
62010CO0074,62003CJ0397,N42
62010CO0074,62003CJ0551,N41
62010CO0074,62007CJ0204,N45
62010CO0074,62007CJ0550,N52
62009CO0117,61984CJ0234,N40
62009CO0117,61998CJ0284,N32
62009CO0117,61998CJ0352,N34
62009CO0117,62000CJ0074,N40
62009CO0117,62002CJ0276,N40
62009CO0117,62004CJ0355,N33
62009CO0117,62004CJ0404,N52
62009CO0117,62005CJ0075,N49
62009CO0117,62006CJ0390,N40
62009CO0117,62007CO0074,N32
62009CO0117,62008CO0231,N32
62009CO0117,62008CO0231,N33
62009CO0117,62008CO0231,N34
62009CO0117,62008CO0561,N33
62010CO0373,61999CO0364,N17
62010CO0373,61999CO0364,N18
62010CO0373,62009CO0113,N13
62009CO0032,61995CO0149,N17
62009CO0032,61996CO0268,N17
62009CO0032,61996CO0393,N17
62009CO0032,61999CO0335,N33
62009CO0032,62004CJ0411,N31
62009CO0032,62008CO0060,N31
62007CO0440,62007CJ0440,N1
62003CO0012,61976CO0126,N14
62003CO0012,61976CO0126,N21
62003CO0012,61985CO0089,N31
62003CO0012,61985CO0089,N57
62003CO0012,61989CO0104,N41
62003CO0012,61989CO0104,N55
62003CO0012,61989CO0104,N62
62003CO0012,61991CO0220,N54
62003CO0012,61997CO0060,N22
62003CO0012,62003CJ0012,N48
62003CO0012,62003CJ0012,N50
62003CO0012,62003CJ0012,N52
62003CO0012,62003CJ0012,N58
62003CO0012,62003CJ0013,N6
62003CO0012,62003CJ0013,N50
62003CO0012,62003CJ0013,N58
62003CO0012,62004CO0105,N55
62003CO0012,62004CO0105,N56
62003CO0012,62004CO0105,N57
62003CO0012,62005CO0104,N44
62003CO0012,62005CO0326,N42
62003CO0012,62005CO0326,N47
62003CO0012,62006CO0122,N42
62003CO0012,62006CO0122,N47
62003CO0012,62007CO0204,N43
62003CO0012,62007CO0204,N44
62009CO0113,61995CO0149,N16
62009CO0113,62006CO0459,N16
62009CO0113,62008CO0060,N30
62009CO0150,61974CJ0073,N23
62009CO0150,61986CJ0057,N22
62009CO0150,61993CJ0329,N22
62009CO0150,61995CJ0355,N21
62009CO0150,61995CJ0355,N22
62009CO0150,61995CJ0355,N23
62009CO0150,61995CJ0355,N24
62009CO0150,61995CJ0355,N25
62009CO0150,61995CJ0355,N26
62009CO0150,61995CJ0355,N27
62009CO0150,61995CJ0355,N28
62009CO0150,61995CJ0355,N29
62009CO0150,61995CJ0355,N30
62009CO0150,61995CJ0355,N31
62009CO0150,61995CJ0355,N32
62009CO0150,61995CJ0355,N33
62009CO0150,61995CJ0355,N34
62009CO0150,61995CJ0355,N35
62009CO0150,61995CJ0355,N36
62009CO0150,61995CJ0355,N37
62009CO0150,61995CJ0355,N38
62009CO0150,61995CJ0355,N39
62009CO0150,61995CJ0355,N40
62009CO0150,61995CJ0355,N41
62009CO0150,61995CJ0355,N42
62009CO0150,61995CJ0355,N43
62009CO0150,61995CJ0355,N44
62009CO0150,61995CJ0355,N45
62009CO0150,61995CJ0355,N46
62009CO0150,61995CJ0355,N47
62009CO0150,61995CJ0355,N48
62009CO0150,61995CJ0355,N49
62009CO0150,61995CJ0355,N50
62009CO0150,61995CJ0355,N51
62009CO0150,61995CJ0355,N52
62009CO0150,61995CJ0355,N53
62009CO0150,61995CJ0355,N54
62009CO0150,61995CJ0355,N55
62009CO0150,61995CJ0355,N56
62009CO0150,61995CJ0355,N57
62009CO0150,61995CJ0355,N58
62009CO0150,61995CJ0355,N59
62009CO0150,61995CJ0355,N60
62009CO0150,61995CJ0355,N61
62009CO0150,61995CJ0355,N62
62009CO0150,61995CJ0355,N63
62009CO0150,61995CJ0355,N64
62009CO0150,61995CJ0355,N65
62009CO0150,61995CJ0355,N66
62009CO0150,61995CJ0355,N67
62009CO0150,61995CJ0355,N68
62009CO0150,61995CJ0355,N69
62009CO0150,61995CJ0355,N70
62009CO0150,61995CJ0355,N71
62009CO0150,61995CJ0355,N72
62009CO0150,61995CJ0355,N73
62009CO0150,61995CJ0355,N74
62009CO0150,61995CJ0355,N75
62009CO0150,61995CJ0355,N76
62009CO0150,61995CJ0355,N77
62009CO0150,61995CJ0355,N78
62009CO0150,61995CJ0355,N79
62009CO0150,61995CJ0355,N80
62009CO0150,61995CJ0355,N81
62009CO0150,61995CJ0367,N21
62009CO0150,61995CJ0367,N29
62009CO0150,61996CJ0301,N21
62009CO0150,61998CJ0156,N22
62009CO0150,62000CJ0057,N23
62009CO0150,62001CJ0042,N21
62009CO0150,62001CJ0042,N23
62009CO0150,62001CJ0159,N29
62009CO0150,62003CJ0397,N42
62009CO0150,62003CJ0499,N65
62009CO0150,62003CJ0499,N66
62009CO0150,62003CJ0499,N67
62009CO0150,62004CJ0354,N32
62009CO0150,62005CJ0229,N32
62009CO0150,62006CJ0003,N42
62009CO0150,62007CJ0038,N65
62009CO0150,62007CJ0038,N66
62009CO0150,62007CJ0038,N67
62009CO0150,62007CJ0431,N42
62009CO0150,62008CJ0097,N32
62009CO0112,61985CJ0042,N20
62009CO0112,61991CJ0195,N20
62009CO0112,61997CO0239,N20
62009CO0112,62007CO0242,N20
62007CO0506,61969CJ0005,N24
62007CO0506,61971CJ0022,N24
62007CO0506,61984CJ0042,N29
62007CO0506,61989CJ0234,N30
62007CO0506,61989CJ0234,N31
62007CO0506,61989CJ0234,N32
62007CO0506,61993CJ0399,N28
62007CO0506,61996CJ0230,N23
62007CO0506,61996CJ0306,N24
62007CO0506,61996CJ0306,N28
62007CO0506,61999CJ0214,N30
62007CO0506,61999CJ0214,N31
62007CO0506,61999CJ0214,N32
62007CO0506,61999CJ0475,N29
62007CO0506,62001CJ0359,N29
62007CO0506,62004CJ0295,N29
62007CO0506,62004CJ0407,N25
62007CO0506,62005CJ0238,N24
62007CO0506,62005CJ0238,N25
62007CO0506,62005CJ0238,N28
62007CO0506,62006CJ0279,N23
62007CO0506,62006CJ0279,N52
62007CO0506,62006CJ0279,N53
62007CO0506,62007CJ0260,N23
62007CO0506,62007CJ0260,N35
62007CO0506,62007CJ0260,N36
62007CO0506,62007CJ0260,N37
62007CO0506,62007CJ0260,N38
62007CO0506,62007CJ0260,N39
62007CO0506,62007CJ0260,N43
62007CO0506,62007CJ0260,N44
62007CO0506,62007CJ0260,N45
62007CO0506,62007CJ0260,N46
62007CO0506,62007CJ0260,N50
62007CO0506,62007CJ0260,N51
62007CO0506,62007CJ0260,N52
62007CO0506,62007CJ0260,N53
62007CO0506,62007CJ0425,N25
62007CO0506,62007CJ0425,N29
62008CO0404,61981CJ0141,N31
62008CO0404,61986CJ0066,N35
62008CO0404,61990CJ0320,N29
62008CO0404,61992CJ0292,N26
62008CO0404,61994CO0167,N30
62008CO0404,61996CJ0035,N35
62008CO0404,61999CJ0472,N28
62008CO0404,62000CO0116,N30
62008CO0404,62000CO0116,N31
62008CO0404,62002CJ0151,N25
62008CO0404,62005CJ0380,N25
62008CO0404,62005CJ0380,N26
62008CO0404,62007CO0305,N28
62008CO0404,62007CO0305,N29
62008CO0404,62007CO0305,N30
62008CO0404,62007CO0305,N32
62008CO0129,61973CJ0146,N9
62008CO0129,62006CJ0210,N9
62008CO0129,62006CJ0210,N10
62008CO0129,62006CO0525,N11
62008CO0159,61960CJ0019,N95
62008CO0159,61976CJ0027,N8
62008CO0159,61976CJ0027,N44
62008CO0159,61976CJ0027,N47
62008CO0159,61988CJ0330,N95
62008CO0159,61992CJ0051,N96
62008CO0159,61992CJ0136,N32
62008CO0159,61996CJ0401,N105
62008CO0159,61998CJ0210,N36
62008CO0159,61998CJ0284,NN32
62008CO0159,61998CJ0352,N34
62008CO0159,61999CJ0449,N33
62008CO0159,62000CJ0041,N34
62008CO0159,62000CJ0041,N35
62008CO0159,62000CJ0041,N36
62008CO0159,62003CJ0131,N34
62008CO0159,62003CJ0131,N35
62008CO0159,62004CJ0105,N33
62008CO0159,62006CJ0003,N105
62008CO0159,62006CJ0129,N95
62006CO0122(01),61989CO0104,N17
62006CO0122(01),61990CO0294,N16
62006CO0122(01),61999CO0321,N16
62006CO0122(01),62002CO0198,N17
62006CO0122(01),62004CO0206,N16
62007CO0501,61970CJ0079,N19
62007CO0501,61972CJ0033,N19
62007CO0501,61977CJ0156,N22
62007CO0501,61995CJ0122,N21
62007CO0501,61995CJ0178,N22
62007CO0501,62001CJ0241,N22
62007CO0501,62003CJ0346,N24
62007CO0501,62007CO0500,N29
62007CO0500,61970CJ0079,N20
62007CO0500,61972CJ0033,N20
62007CO0500,61977CJ0156,N23
62007CO0500,61995CJ0122,N22
62007CO0500,61995CJ0178,N23
62007CO0500,62001CJ0241,N23
62007CO0500,62003CJ0346,N25
62007CO0468,61980CJ0100,N30
62007CO0468,61995CJ0185,N23
62007CO0468,61995CJ0185,N24
62007CO0468,61998CJ0280,N26
62007CO0468,61999CJ0196,N30
62007CO0468,62001CJ0359,N23
62007CO0468,62001CJ0359,N24
62007CO0468,62002CJ0189,N23
62007CO0468,62002CJ0189,N24
62007CO0468,62002CJ0189,N28
62007CO0468,62002CJ0189,N30
62007CO0305,61981CJ0141,N18
62007CO0305,61990CJ0320,N16
62007CO0305,61993CO0378,N14
62007CO0305,61994CO0167,N17
62007CO0305,61999CJ0472,N15
62007CO0305,62000CO0116,N17
62007CO0305,62000CO0116,N18
62007CO0305,62001CJ0380,N14
62007CO0305,62001CJ0380,N15
62007CO0305,62004CJ0470,N16
62007CO0305,62005CJ0208,N18
62007CO0305,62005CJ0238,N18
62007CO0305,62005CO0436,N16
62007CO0305,62006CO0438,N14
62007CO0305,62006CO0438,N15
62007CO0305,62007CO0012,N17
62007CO0305,62007CO0012,N18
62007CO0386,61990CJ0320,N31
62007CO0386,61993CO0378,N29
62007CO0386,61996CO0101,N32
62007CO0386,61997CO0128,N32
62007CO0386,61998CO0009,N32
62007CO0386,61999CJ0035,N17
62007CO0386,61999CJ0035,N18
62007CO0386,61999CJ0035,N22
62007CO0386,61999CJ0035,N23
62007CO0386,61999CJ0035,N24
62007CO0386,61999CJ0035,N25
62007CO0386,61999CJ0035,N26
62007CO0386,61999CJ0472,N30
62007CO0386,62001CJ0380,N29
62007CO0386,62001CJ0380,N30
62007CO0386,62003CO0250,N19
62007CO0386,62003CO0250,N20
62007CO0386,62003CO0250,N25
62007CO0386,62003CO0250,N26
62007CO0386,62004CJ0094,N17
62007CO0386,62004CJ0094,N18
62007CO0386,62004CJ0094,N19
62007CO0386,62004CJ0094,N20
62007CO0386,62004CJ0094,N21
62007CO0386,62004CJ0094,N22
62007CO0386,62004CJ0094,N23
62007CO0386,62004CJ0094,N24
62007CO0386,62004CJ0094,N25
62007CO0386,62004CJ0094,N26
62007CO0386,62004CJ0470,N31
62007CO0386,62005CJ0446,N19
62007CO0386,62005CJ0446,N20
62007CO0386,62005CO0436,N31
62007CO0386,62006CO0166,N32
62007CO0386,62006CO0438,N29
62007CO0386,62006CO0438,N30
62004CO0105,61989CO0104,N41
62004CO0105,62003CO0039,N25
62004CO0105,62003CO0156,N25
62004CO0105,62004CJ0113,N20
62004CO0105,62004CJ0113,N21
62004CO0105,62004CJ0113,N22
62004CO0105,62004CJ0113,N23
62004CO0105,62004CJ0113,N24
62004CO0105,62004CJ0113,N25
62004CO0105,62004CJ0113,N26
62004CO0105,62004CJ0113,N27
62004CO0105,62004CJ0113,N28
62004CO0105,62004CJ0113,N29
62004CO0105,62004CJ0113,N30
62004CO0105,62004CJ0113,N31
62004CO0105,62004CJ0113,N32
62004CO0105,62004CJ0113,N33
62004CO0105,62004CJ0113,N34
62004CO0105,62004CJ0113,N35
62004CO0105,62004CJ0113,N36
62004CO0105,62004CJ0113,N37
62004CO0105,62004CJ0113,N38
62004CO0105,62004CJ0113,N39
62004CO0105,62004CJ0113,N40
62004CO0105,62004CJ0113,N41
62004CO0105,62004CJ0113,N42
62004CO0105,62004CJ0113,N43
62004CO0105,62004CJ0113,N44
62004CO0105,62004CJ0113,N45
62007CO0107,61960CJ0019,N25
62007CO0107,61988CJ0330,N25
62007CO0107,61992CJ0051,N28
62007CO0107,61998CJ0352,N24
62007CO0107,61999CJ0194,N28
62007CO0107,61999CJ0248,N24
62007CO0107,61999CO0300,N24
62007CO0107,62000CJ0041,N24
62007CO0107,62003CJ0131,N24
62007CO0012,61981CJ0141,N18
62007CO0012,61990CJ0320,N16
62007CO0012,61994CO0167,N16
62007CO0012,61994CO0167,N17
62007CO0012,61994CO0167,N18
62007CO0012,61998CO0422,N24
62007CO0012,62000CO0116,N16
62007CO0012,62000CO0116,N17
62007CO0012,62000CO0116,N18
62007CO0296,62004CO0018,N22
62005CO0320,61992CJ0200,N64
62005CO0320,61994CO0026,N49
62005CO0320,61995CJ0008,N70
62005CO0320,61996CJ0401,N111
62005CO0320,61996CO0140,N63
62005CO0320,61997CJ0119,N64
62005CO0320,61997CO0174,N49
62005CO0320,61998CJ0210,N50
62005CO0320,61998CJ0352,N48
62005CO0320,61999CJ0315,N63
62005CO0320,61999CJ0321,N50
62005CO0320,61999CJ0449,N47
62005CO0320,61999CJ0449,N69
62005CO0320,62000CJ0041,N48
62005CO0320,62000CJ0041,N49
62005CO0320,62000CJ0041,N50
62005CO0320,62000CJ0446,N111
62005CO0320,62000CO0345,N50
62005CO0320,62001CJ0024,N63
62005CO0320,62003CJ0131,N48
62005CO0320,62003CJ0131,N49
62005CO0320,62003CJ0131,N50
62005CO0320,62003CJ0240,N69
62005CO0320,62003CJ0551,N70
62005CO0320,62004CJ0105,N47
62005CO0320,62004CJ0105,N116
62005CO0320,62004CJ0167,N70
62005CO0320,62005CJ0334,N47
62005CO0320,62005CJ0362,N48
62005CO0320,62005CO0420,N49
62005CO0320,62006CJ0003,N111
62005CO0320,62006CJ0003,N116
62005CO0320,62006CO0057,N70
62007CO0191,61985CJ0042,N7
62007CO0191,61991CO0059,N7
62007CO0191,61991CO0059,N9
62007CO0191,61997CO0239,N7
62006CO0461,61965CJ0048,N7
62006CO0461,61965CJ0048,N23
62006CO0461,61987CJ0247,N6
62006CO0461,61989CJ0087,N23
62006CO0461,61989CJ0087,N24
62006CO0461,61991CJ0097,N26
62006CO0461,61992CO0029,N6
62006CO0461,61992CO0029,N23
62006CO0461,61992CO0029,N25
62006CO0461,61997CO0422,N24
62006CO0461,61999CJ0197,N35
62006CO0461,61999CJ0274,N35
62006CO0461,62000CJ0050,N8
62006CO0461,62000CJ0050,N29
62006CO0461,62002CJ0167,N8
62006CO0461,62005CO0408,N23
62006CO0461,62005CO0408,N24
62006CO0188,61981CJ0060,N12
62006CO0188,61981CJ0060,N34
62006CO0188,61981CJ0060,N67
62006CO0188,61992CJ0136,N28
62006CO0188,61995CO0019,N28
62006CO0188,61998CJ0352,N55
62006CO0188,61999CJ0199,N28
62006CO0188,61999CJ0238,N28
62006CO0188,61999CJ0248,N55
62006CO0188,62001CO0488,N55
62006CO0188,62002CJ0189,N64
62006CO0188,62005CO0162,N55
62006CO0188,62005CO0171,N64
62006CO0273,62005CJ0125,N20
62006CO0273,62005CJ0125,N23
62006CO0273,62005CJ0125,N24
62006CO0273,62005CJ0125,N25
62006CO0273,62005CJ0125,N26
62006CO0273,62005CJ0125,N27
62006CO0273,62005CJ0125,N31
62006CO0273,62005CJ0125,N32
62006CO0273,62005CJ0125,N33
62006CO0273,62005CJ0125,N34
62006CO0273,62005CJ0125,N35
62006CO0273,62005CJ0125,N37
62006CO0273,62005CJ0376,N20
62006CO0273,62005CJ0376,N23
62006CO0273,62005CJ0376,N24
62006CO0273,62005CJ0376,N25
62006CO0273,62005CJ0376,N26
62006CO0273,62005CJ0376,N27
62006CO0273,62005CJ0376,N31
62006CO0273,62005CJ0376,N37
62006CO0130,61993CO0076,N9
62006CO0130,61997CO0151,N8
62006CO0130,61997CO0151,N11
62004CO0110,61979CJ0136,N36
62004CO0110,61987CJ0046,N31
62004CO0110,61987CJ0046,N32
62004CO0110,61987CJ0046,N37
62004CO0110,61987CJ0046,N38
62004CO0110,61987CJ0046,N39
62004CO0110,61987CJ0046,N46
62004CO0110,61992CJ0053,N55
62004CO0110,61995CO0019,N54
62004CO0110,61995CO0019,N55
62004CO0110,61998CJ0352,N59
62004CO0110,61999CJ0248,N59
62004CO0110,62000CJ0094,N31
62004CO0110,62000CJ0094,N32
62004CO0110,62000CJ0094,N33
62004CO0110,62000CJ0094,N39
62004CO0110,62000CJ0094,N46
62004CO0110,62001CO0488,N59
62004CO0110,62004CO0121,N41
62004CO0110,62004CO0121,N45
62004CO0110,62004CO0121,N47
62004CO0110,62004CO0121,N63
62004CO0111,61973CJ0040,N87
62004CO0111,61992CJ0053,N49
62004CO0111,61995CJ0007,N64
62004CO0111,61995CJ0007,N75
62004CO0111,61995CJ0355,N87
62004CO0111,61995CO0019,N49
62004CO0111,61998CJ0291,N48
62004CO0111,62000CJ0204,N48
62004CO0336,61986CJ0057,N36
62004CO0336,62004CJ0148,N34
62004CO0336,62004CJ0148,N35
62004CO0336,62004CJ0148,N36
62004CO0336,62004CJ0148,N37
62004CO0336,62004CJ0148,N38
62005CO0171,61976CJ0085,N37
62005CO0171,61996CO0059,N53
62005CO0171,62000CJ0470,N22
62005CO0171,62002CJ0141,N53
62005CO0171,62002CJ0189,N86
62005CO0171,62002CO0470,N84
62005CO0171,62003CO0180,N24
62002CO0186(01),61991CJ0244,N23
62002CO0186(01),61992CO0222,N14
62002CO0186(01),61995CO0286,N14
62002CO0186(01),61999CJ0280,N23
62004CO0367,61962CJ0025,N37
62004CO0367,61962CJ0025,N50
62004CO0367,61968CJ0010,N40
62004CO0367,61984CJ0169,N38
62004CO0367,61984CJ0169,N50
62004CO0367,61991CJ0198,N51
62004CO0367,61991CJ0225,N51
62004CO0367,61992CJ0136,N43
62004CO0367,61998CJ0106,N37
62004CO0367,61998CJ0106,N38
62004CO0367,61998CJ0106,N41
62004CO0367,62001CJ0024,N43
62004CO0367,62003CJ0078,N37
62004CO0367,62003CJ0078,N50
62004CO0367,62003CJ0078,N54
62003CO0552,61967CJ0023,N53
62003CO0552,61967CJ0023,N84
62003CO0552,61976CJ0085,N129
62003CO0552,61982CJ0043,N102
62003CO0552,61989CJ0234,N53
62003CO0552,61989CJ0234,N84
62003CO0552,61989CJ0234,N85
62003CO0552,61995CO0019,N132
62003CO0552,61999CJ0274,N63
62003CO0552,61999CJ0496,N148
62003CO0552,62000CJ0470,N57
62004CO0404,61995CJ0169,N43
62004CO0404,61995CJ0390,N36
62004CO0404,61996CJ0288,N50
62004CO0404,62000CO0445,N10
62004CO0404,62001CO0486,N13
62004CO0404,62001CO0486,N36
62004CO0404,62003CO0003,N14
62004CO0404,62004CO0004,N11
62003CO0250,61974CJ0002,N26
62003CO0250,61974CJ0033,N27
62003CO0250,61989CJ0340,N42
62003CO0250,61998CJ0448,N21
62003CO0250,61999CJ0035,N29
62003CO0250,61999CJ0035,N30
62003CO0250,61999CJ0035,N37
62003CO0250,61999CJ0515,N21
62003CO0250,62000CJ0480,N18
62003CO0250,62001CJ0079,N40
62003CO0250,62001CJ0079,N41
62003CO0250,62001CJ0198,N29
62003CO0250,62001CJ0198,N30
61995CO0286,61990CO0294,N17
61995CO0286,61992CJ0137,N22
61995CO0286,61992CJ0137,N23
61995CO0286,61999CO0321,N17
62004CO0007,61979CJ0155,N29
62004CO0007,61996CO0268,N28
62004CO0007,62000CJ0094,N37
62004CO0007,62001CO0180,N36
62003CO0438,61981CJ0141,N8
62003CO0438,61990CJ0320,N6
62003CO0438,61992CO0157,N6
62003CO0438,61994CO0167,N7
62003CO0438,61995CO0326,N8
62003CO0438,61996CJ0176,N6
62003CO0438,61996CJ0176,N8
62003CO0438,61996CO0101,N7
62003CO0438,61997CO0128,N6
62003CO0438,61997CO0128,N7
62003CO0438,61998CO0009,N6
62003CO0438,61998CO0009,N7
62003CO0438,61998CO0422,N6
62003CO0438,61998CO0422,N8
62003CO0438,62000CO0116,N6
62003CO0438,62000CO0116,N7
62003CO0438,62000CO0116,N8
62002CO0164,61994CJ0068,N18
62002CO0164,61995CJ0308,N18
62002CO0164,61996CJ0147,N18
62002CO0164,61996CJ0147,N19
62003CO0182,61985CJ0067,N101
62003CO0182,61990CJ0313,N101
62003CO0182,61992CJ0387,N118
62003CO0182,61995CO0149,N142
62003CO0182,61996CO0180,N142
62003CO0182,61996CO0239,N98
62003CO0182,61997CO0110,N97
62003CO0182,61998CJ0015,N106
62003CO0182,61999CJ0400,N118
62003CO0233,61995CJ0390,N35
62003CO0233,61995CO0149,N27
62003CO0233,61995CO0149,N36
62003CO0233,61998CO0377,N26
62003CO0233,61999CO0364,N25
62003CO0233,61999CO0364,N29
62003CO0233,61999CO0364,N30
62001CO0297,61990CJ0354,N47
62001CO0297,61994CJ0039,N47
62001CO0297,61997CJ0295,N47
62002CO0075,62000CJ0050,N34
62002CO0186,61963CO0111,N14
62002CO0186,61977CO0116,N14
62002CO0186,61993CO0076,N14
62002CO0186,61997CO0151,N14
62001CO0445,61991CJ0083,N20
62001CO0445,61993CJ0415,N21
62001CO0445,61993CO0378,N20
62001CO0445,61994CO0167,N23
62001CO0445,61996CO0101,N23
62001CO0445,61997CO0361,N20
62001CO0445,61998CJ0379,N21
62002CO0232,61985CO0310,N31
62002CO0232,61987CO0142,N31
62002CO0232,61998CO0043,N56
62002CO0232,61998CO0159,N67
62002CO0232,62001CO0481,N59
62002CO0190,61981CJ0141,N14
62002CO0190,61983CJ0041,N12
62002CO0190,61990CJ0179,N21
62002CO0190,61990CJ0320,N15
62002CO0190,61992CO0157,N15
62002CO0190,61992CO0157,N22
62002CO0190,61994CO0167,N16
62002CO0190,61995CO0326,N14
62002CO0190,61996CJ0176,N14
62002CO0190,61996CJ0176,N15
62002CO0190,61996CJ0176,N22
62002CO0190,61996CJO101,N16
62002CO0190,61997CO0128,N15
62002CO0190,61997CO0128,N16
62002CO0190,61998CJ0379,N21
62002CO0190,61998CO0009,N15
62002CO0190,61998CO0009,N16
62002CO0190,61998CO0422,N14
62002CO0190,61998CO0422,N15
62002CO0190,62000CJ0017,N19
62002CO0190,62000CO0116,N14
62002CO0190,62000CO0116,N15
62002CO0190,62000CO0116,N22
62002CO0190,62000CO0116,N24
62002CO0190,62000CO0116,N25
62000CO0323,61993CJ0042,N42
62000CO0323,61997CJ0075,N65
62000CO0323,62000CJ0479,N34
62001CO0481,61979CO0792,N60
62001CO0481,61995CO0149,N58
62001CO0481,61995CO0149,N63
62001CO0481,62000CO0445,N63
62001CO0481,62000CO0459,N70
62001CO0480,61993CJ0019,N20
62001CO0480,61997CO0089,N21
62001CO0480,61997CO0089,N22
62001CO0480,61999CJ0174,N20
62001CO0477,61993CJ0019,N21
62001CO0477,61997CO0089,N22
62001CO0477,61997CO0089,N23
62001CO0477,61999CJ0174,N21
62000CO0241,61978CJ0209,N36
62000CO0241,61984CJ0142,N31
62000CO0241,61987CJ0142,N36
62000CO0241,61993CJ0019,N20
62000CO0241,61995CJ0282,N31
62000CO0241,61995CJ0362,N42
62000CO0241,61995CO0137,N42
62000CO0241,61999CJ0174,N20
62001CO0001,61998CJ0237,N41
62001CO0001,62000CO0039,N34
62001CO0001,62000CO0044,N41
62001CO0001,62000CO0044,N44
61999CO0497,61973CJ0040,N15
61999CO0497,61973CJ0040,N24
61999CO0497,61985CJ0089,N22
61999CO0497,61992CJ0053,N39
61999CO0497,61992CJ0393,N42
61999CO0497,61995CJ0007,N45
61999CO0497,61995CJ0362,N39
61999CO0497,61996CJ0395,N42
61999CO0497,61996CJ0395,N46
61999CO0497,61998CJ0352,N29
62000CO0341,61962CJ0025,N26
62000CO0341,61989CJ0309,N26
62000CO0341,61995CO0010,N24
62000CO0341,61998CO0447,N26
62000CO0341,61999CO0111,N29
62000CO0341,62000CO0345,N32
62001CO0007,61982CO0107,N06
62001CO0007,61982CO0107,N9
62001CO0007,61982CO0107,N44
62001CO0007,61982CO0234,N06
62001CO0007,61982CO0234,N44
62001CO0007,61982CO0234,N05
62001CO0007,61986CO0082,N03
62001CO0007,61986CO0082,N44
62001CO0007,61996CO0268,N35
62001CO0007,61996CO0268,N11
62001CO0007,61996CO0268,N30
62001CO0007,61996CO0268,N50
62001CO0007,61999CO0335,N55
62001CO0007,61999CO0335,N9
62001CO0007,61999CO0364,N48
62001CO0007,61999CO0364,N9
61999CO0111,61993CJ0019,N18
61999CO0111,61997CO0317,N33
61999CO0111,61998CJ0437,N25
62000CO0039,61993CJ0396,N77
62000CO0039,61995CJ0185,N46
62000CO0039,61995CJ0282,N43
62000CO0039,61995CO0173,N39
62000CO0039,61996CO0140,N77
62000CO0039,61997CJ0119,N63
62000CO0039,61997CJ0119,N64
62000CO0039,61997CJ0119,N67
62000CO0039,61997CO0317,N30
62000CO0039,61998CJ0284,N28
62000CO0039,61998CJ0352,N30
62000CO0044,61978CJ0125,N84
62000CO0044,61987CJ0193,N51
62000CO0044,61987CJ0377,N83
62000CO0044,61987CJ0383,N83
62000CO0044,61991CJ0015,N83
62000CO0044,61991CJ0195,N50
62000CO0044,61993CJ0285,N50
62000CO0044,61993CJ0396,N93
62000CO0044,61995CJ0282,N84
62000CO0044,61996CO0140,N93
62000CO0044,61998CJ0284,N36
62000CO0044,61998CJ0284,N38
62000CO0044,61998CJ0352,N39
62000CO0361,61998CO0159,N74
62000CO0361,61999CO0364,N88
62000CO0278,61988CO0152,N27
62000CO0278,61998CO0377,N14
62000CO0278,61998CO0377,N15
62000CO0278,61999CO0335,N15
62000CO0116,61981CJ0065,N07
62000CO0116,61981CJ0065,N10
62000CO0116,61981CJ0141,N06
62000CO0116,61981CJ0141,N14
62000CO0116,61986CJ0014,N15
62000CO0116,61986CJ0014,N11
62000CO0116,61986CJ0014,N16
62000CO0116,61986CJ0014,N12
62000CO0116,61990CJ0320,N06
62000CO0116,61990CJ0320,N15
62000CO0116,61992CO0157,N05
62000CO0116,61992CO0157,N19
62000CO0116,61992CO0157,N04
62000CO0116,61992CO0157,N15
62000CO0116,61994CO0167,N09
62000CO0116,61994CO0167,N16
62000CO0116,61995CO0326,N07
62000CO0116,61995CO0326,N14
62000CO0116,61996CJ0176,N22
62000CO0116,61996CJ0176,N15
62000CO0116,61996CJ0176,N19
62000CO0116,61996CJ0176,N23
62000CO0116,61996CJ0176,N14
62000CO0116,61996CO0101,N06
62000CO0116,61996CO0101,N16
62000CO0116,61996CO0116,N08
62000CO0116,61996CO0116,N22
62000CO0116,61996CO0116,N07
62000CO0116,61996CO0116,N21
62000CO0116,61997CO0128,N05
62000CO0116,61997CO0128,N15
62000CO0116,61997CO0128,N16
62000CO0116,61998CO0009,N06
62000CO0116,61998CO0009,N16
62000CO0116,61998CO0009,N04
62000CO0116,61998CO0009,N15
62000CO0116,61998CO0422,N08
62000CO0116,61998CO0422,N25
62000CO0116,61998CO0422,N05
62000CO0116,61998CO0422,N14
62000CO0116,61998CO0422,N04
62000CO0116,61998CO0422,N15
61998CO0428,61995CJ0008,N22
61999CO0335,61982CO0086,N03
61999CO0335,61982CO0086,N55
61999CO0335,61982CO0086,N04
61999CO0335,61982CO0086,N61
61999CO0335,61982CO0107,N06
61999CO0335,61982CO0107,N55
61999CO0335,61982CO0234,N05
61999CO0335,61982CO0234,N55
61999CO0335,61982CO0234,N06
61999CO0335,61982CO0263,N05
61999CO0335,61982CO0263,N55
61999CO0335,61986CO0213,N22
61999CO0335,61986CO0213,N55
61999CO0335,61995CO0012,N12
61999CO0335,61995CO0012,N61
61999CO0335,61996CO0268,N35
61999CO0335,61996CO0268,N36
61999CO0335,61996CO0268,N37
61999CO0335,61996CO0268,N38
61999CO0335,61996CO0268,N63
61999CO0335,61998CO0159,N68
61999CO0335,61998CO0159,N52
61999CO0364,61982CO0086,N03
61999CO0364,61982CO0086,N48
61999CO0364,61982CO0086,N04
61999CO0364,61982CO0086,N49
61999CO0364,61982CO0107,N06
61999CO0364,61982CO0107,N48
61999CO0364,61982CO0234,N5
61999CO0364,61982CO0234,N6
61999CO0364,61982CO0234,N48
61999CO0364,61982CO0263,N05
61999CO0364,61982CO0263,N48
61999CO0364,61986CO0213,N22
61999CO0364,61986CO0213,N48
61999CO0364,61995CO0012,N12
61999CO0364,61995CO0012,N49
61999CO0364,61996CO0268,N30
61999CO0364,61996CO0268,N62
61999CO0364,61996CO0268,N35
61999CO0364,61996CO0268,N36
61999CO0364,61996CO0268,N37
61999CO0364,61996CO0268,N38
61999CO0364,61996CO0268,N51
61999CO0364,61998CO0159,N68
61999CO0364,61998CO0159,N45
61997CO0436,61992CJ0053,N42
61997CO0436,61992CJ0053,N19
61997CO0436,61995CJ0007,N21
61997CO0436,61995CJ0007,N18
61997CO0436,61997CJ0291,N19
61997CO0128,61981CJ0141,N06
61997CO0128,61981CJ0141,N6
61997CO0128,61990CJ0320,N06
61997CO0128,61990CJ0320,N5
61997CO0128,61992CO0157,N04
61997CO0128,61992CO0157,N5
61997CO0128,61993CO0428,N15
61997CO0128,61993CO0428,N17
61997CO0128,61993CO0458,N13
61997CO0128,61993CO0458,N6
61997CO0128,61993CO0458,N12
61997CO0128,61993CO0458,N5
61997CO0128,61994CO0167,N08
61997CO0128,61994CO0167,N5
61997CO0128,61994CO0167,N10
61997CO0128,61994CO0167,N6
61997CO0128,61995CO0307,N06
61997CO0128,61995CO0307,N5
61997CO0128,61995CO0307,N08
61997CO0128,61995CO0307,N6
61997CO0128,61996CJ0291,N16
61997CO0128,61996CJ0291,N17
61997CO0128,61996CO0002,N04
61997CO0128,61996CO0002,N5
61997CO0128,61996CO0002,N05
61997CO0128,61996CO0002,N6
61997CO0128,61996CO0101,N3
61997CO0128,61996CO0191,N3
61997CO0174,61990CJ0283,N12
61997CO0174,61990CJ0283,N21
61997CO0174,61991CJ0320,N17
61997CO0174,61991CJ0320,N33
61997CO0174,61991CJ0320,N19
61997CO0174,61991CJ0320,N18
61997CO0174,61995CO0019,N39
61997CO0174,61995CO0019,N21
61997CO0174,61995CO0019,N40
61997CO0174,61996CO0049,N25
61997CO0174,61996CO0049,N24
61997CO0174,61996CO0059,N52
61997CO0174,61996CO0059,N24
61997CO0196,61987CJ0247,N12
61997CO0055,61990CJ0283,N12
61997CO0055,61990CJ0283,N13
61997CO0055,61992CJ0053,N42
61997CO0055,61992CJ0053,N25
61997CO0055,61995CO0019,N39
61997CO0055,61995CO0019,N13
61997CO0055,61995CO0019,N40
61997CO0055,61995CO0019,N25
61996CO0059,61973CJ0127,N16
61996CO0059,61973CJ0127,N43
61996CO0059,61976CJ0044,N16
61996CO0059,61976CJ0044,N49
61996CO0059,61978CJ0125,N18
61996CO0059,61978CJ0125,N42
61996CO0059,61978CJ0125,N17
61996CO0059,61978CJ0253,N13
61996CO0059,61978CJ0253,N44
61996CO0059,61982CJ0346,N31
61996CO0059,61982CJ0346,N49
61996CO0059,61982CJ0346,N32
61996CO0059,61988CJ0350,N15
61996CO0059,61988CJ0350,N64
61996CO0059,61990CJ0283,N12
61996CO0059,61990CJ0283,N31
61996CO0059,61995CJ0282,N39
61996CO0059,61995CJ0282,N43
61996CO0059,61995CO0019,N39
61996CO0059,61995CO0019,N31
61996CO0059,61995CO0019,N40
61996CO0059,61996CO0049,N25
61996CO0059,61996CO0049,N52
61997CO0066,61981CJ0141,N06
61997CO0066,61981CJ0141,N8
61997CO0066,61990CJ0320,N06
61997CO0066,61990CJ0320,N7
61997CO0066,61992CO0157,N04
61997CO0066,61992CO0157,N7
61997CO0066,61993CJ0316,N13
61997CO0066,61993CJ0316,N9
61997CO0066,61993CO0378,N14
61997CO0066,61993CO0378,N7
61997CO0066,61993CO0458,N13
61997CO0066,61993CO0458,N8
61997CO0066,61993CO0458,N12
61997CO0066,61993CO0458,N7
61997CO0066,61995CO0326,N6
61997CO0066,61995CO0326,N7
61997CO0066,61995CO0326,N8
61997CO0066,61995CO0326,N9
61997CO0066,61995CO0326,N10
61997CO0066,61995CO0326,N11
61997CO0151,61959CO0025,N53
61997CO0151,61962CO0016,N64
61997CO0151,61963CO0111,N53
61997CO0151,61963CO0111,N57
61997CO0151,61964CO0056,N53
61997CO0151,61973CJ0015,N36
61997CO0151,61973CJ0015,N73
61997CO0151,61977CO0113,N65
61997CO0151,61977CO0116,N7
61997CO0151,61977CO0116,N53
61997CO0151,61977CO0116,N9
61997CO0151,61989CO0076,N67
61997CO0151,61993CO0076,N53
61997CO0151,61993CO0076(01),N11
61997CO0089,61989CO0206,N14
61997CO0089,61989CO0206,N45
61997CO0089,61995CJ0143,N36
61997CO0089,61995CJ0143,N39
61997CO0089,61997CO0110,N24
61997CO0089,61997CO0110,N44
61997CO0095,61985CJ0227,N7
61997CO0095,61988CJ0008,N13
61997CO0095,61988CJ0008,N7
61997CO0095,61991CJ0211,N7
61996CO0268,61995CO0149,N58
61996CO0268,61995CO0149,N52
61996CO0268,61995CO0149,N18
61996CO0268,61995CO0149,N44
61996CO0148,61994CO0062,N17
61996CO0148,61994CO0062,N24
61996CO0148,61995CO0149,N18
61996CO0148,61995CO0149,N22
61996CO0148,61995CO0149,N58
61996CO0148,61995CO0149,N25
61995CO0399,61954CJ0006,N62
61995CO0399,61959CJ0015,N62
61995CO0399,61962CJ0025,N45
61995CO0399,61968CO0027,N46
61995CO0399,61976CJ0066,N8
61995CO0399,61976CJ0066,N45
61995CO0399,61977CO0031,N17
61995CO0399,61977CO0031,N54
61995CO0399,61984CJ0222,N18
61995CO0399,61984CJ0222,N46
61995CO0399,61986CJ0222,N14
61995CO0399,61986CJ0222,N46
61995CO0399,61988CJ0143,N16
61995CO0399,61988CJ0143,N46
61995CO0399,61989CJ0213,N21
61995CO0399,61989CJ0213,N46
61993CO0019,61993CJ0019,N1
61995CO0137,61991CJ0244,N25
61995CO0137,61991CJ0244,N47
61995CO0137,61992CJ0035,N47
61996CO0002,61981CJ0141,N06
61996CO0002,61981CJ0141,N5
61996CO0002,61990CJ0320,N06
61996CO0002,61990CJ0320,N4
61996CO0002,61992CO0157,N04
61996CO0002,61992CO0157,N4
61996CO0002,61993CO0458,N12
61996CO0002,61993CO0458,N4
61996CO0002,61993CO0458,N13
61996CO0002,61993CO0458,N5
61996CO0002,61994CO0167,N08
61996CO0002,61994CO0167,N4
61996CO0002,61994CO0167,N10
61996CO0002,61994CO0167,N5
61996CO0002,61995CO0307,N08
61996CO0002,61995CO0307,N5
61996CO0002,61995CO0307,N07
61996CO0002,61995CO0307,N06
61996CO0002,61995CO0307,N4
61995CO0326,61981CJ0141,N6
61995CO0326,61981CJ0141,N7
61995CO0326,61990CJ0320,N6
61995CO0326,61990CJ0320,N5
61995CO0326,61992CO0157,N4
61995CO0326,61992CO0157,N5
61995CO0326,61993CJ0316,N13
61995CO0326,61993CJ0316,N8
61995CO0326,61993CO0378,N14
61995CO0326,61993CO0378,N5
61995CO0326,61993CO0458,N13
61995CO0326,61993CO0458,N7
61995CO0326,61993CO0458,N12
61995CO0326,61993CO0458,N5
61995CO0149,61989CO0056,N31
61995CO0149,61989CO0056,N26
61995CO0149,61989CO0076,N15
61995CO0149,61989CO0076,N50
61995CO0149,61989CO0246,N33
61995CO0149,61989CO0246,N26
61995CO0149,61990CO0195,N19
61995CO0149,61990CO0195,N26
61995CO0149,61991CO0272,N24
61995CO0149,61991CO0272,N26
61995CO0149,61993CO0280,N21
61995CO0149,61993CO0280,N26
61995CO0149,61993CO0280,N32
61995CO0149,61993CO0280,N38
61995CO0149,61993CO0280,N34
61994CO0167,61981CJ0141,N6
61994CO0167,61981CJ0141,N10
61994CO0167,61990CJ0320,N6
61994CO0167,61990CJ0320,N8
61994CO0167,61992CO0157,N4
61994CO0167,61992CO0157,N8
61994CO0167,61993CO0458,N12
61994CO0167,61993CO0458,N8
61994CO0167,61993CO0458,N13
61994CO0167,61993CO0458,N10
61993CO0458,61981CJ0141,N6
61993CO0458,61981CJ0141,N13
61993CO0458,61990CJ0320,N6
61993CO0458,61990CJ0320,N12
61993CO0458,61990CJ0343,N17
61993CO0458,61992CO0157,N4
61993CO0458,61992CO0157,N12
61993CO0458,61993CJ0316,N13
61993CO0458,61993CJ0316,N14
61993CO0458,61993CO0378,N14
61993CO0458,61993CO0378,N12
61993CO0458,61993CO0378,N11
61993CO0458,61993CO0378,N17
61992CO0222(01),61969CO0075,N12
61992CO0222(01),61986CO0191,N8
61992CO0222(01),61986CO0191,N10
61992CO0222(01),61986CO0191,N14
61992CO0222(01),61992CO0222,N5
61990CO0294,61969CO0075,N12
61990CO0294,61982CO0318,N5
61990CO0294,61982CO0318,N14
61990CO0294,61986CO0191,N8
61990CO0294,61986CO0191,N10
61990CO0294,61986CO0191,N13
61990CO0294,61990CJ0294,N2
61993CO0378,61980CJ0126,N6
61993CO0378,61980CJ0126,N12
61993CO0378,61985CJ0402,N5
61993CO0378,61987CJ0395,N1
61993CO0378,61987CJ0395,N5
61993CO0378,61988CJ0110,N1
61993CO0378,61988CJ0110,N5
61993CO0378,61990CJ0320,N6
61993CO0378,61990CJ0320,N14
61993CO0378,61990CJ0320,N7
61993CO0378,61990CJ0320,N9
61993CO0378,61990CJ0343,N17
61993CO0378,61990CJ0343,N11
61993CO0378,61990CJ0343,N18
61993CO0378,61990CJ0343,N12
61993CO0378,61990CJ0343,N19
61993CO0378,61990CJ0343,N13
61993CO0378,61991CJ0083,N9
61993CO0378,61991CJ0083,N25
61993CO0378,61991CJ0083,N11
61993CO0378,61992CO0157,N7
61993CO0378,61992CO0157,N9
61993CO0378,61992CO0157,N4
61993CO0378,61992CO0157,N14
61993CO0378,61992CO0386,N6
61993CO0378,61992CO0386,N14
61993CO0378,61992CO0386,N9
61993CO0428,61980CJ0126,N16
61993CO0428,61988CO0286,N10
61993CO0428,61988CO0286,N16
61993CO0428,61992CO0386,N2
61985CO0089(04),61985CJ0089,N1
61992CO0424,61990CO0066,N6
61992CO0386,61980CO0138,N3
61992CO0386,61985CJ0338,N11
61992CO0386,61985CJ0338,N2
61992CO0386,61985CJ0338,N10
61992CO0386,61985CO0318,N3
61992CO0386,61986CJ0014,N3
61992CO0386,61990CJ0320,N3
61992CO0386,61990CJ0320,N6
61992CO0386,61991CJ0083,N2
61992CO0157,61990CJ0320,N06
61992CO0157,61990CJ0320,N4
61992CO0157,61990CJ0320,N5
61992CO0157,61990CJ0320,N6
61992CO0102,61982CJ0284,N20
61992CO0102,61986CJ0236,N14
61992CO0102,61986CJ0236,N18
61992CO0102,61988CJ0180,N22
61992CO0102,61988CJ0180,N18
61992CO0102,61989CJ0005,N13
61991CO0232,61977CJ0123,N9
61991CO0232,61977CJ0123,N10
61990CO0356,61987CO0142,N23
61990CO0072,61987CJ0247,N11
61990CO0072,61987CJ0247,N13
61990CO0072,61989CO0371,N11
61987CO0085,61987CO0046,N17
61987CO0142,61985CO0310,N22
61987CO0046,61981CJ0060,N23
61987CO0046,61986CO0062,N29
61986CO0213,61982CJ0107,N16
61986CO0213,61982CJ0107,N18
61986CO0213,61982CJ0107,N22
61986CO0213,61982CJ0107,N23
61986CO0213,61982CO0086,N22
61986CO0213,61982CO0234,N18
61986CO0213,61982CO0234,N23
61986CO0213,61982CO0263,N17
61986CO0213,61982CO0263,N18
61986CO0213,61982CO0263,N22
61986CO0213,61985CO0392,N18
61986CO0213,61985CO0392,N22
61986CO0213,61985CO0392,N23
61984CO0142,61980CJ0100,N13
61984CO0142,61981CJ0060,N13
61984CO0142,61982CJ0096,N13
61986CO0057,61969CJ0006,N11
61986CO0062,61981CO0060,N14
61985CO0067,61973CJ0173,N26
61985CO0067,61974CJ0072,N20
61985CO0067,61976CJ0078,N21
61985CO0067,61977CO0031,N37
61985CO0067,61983CJ0290,N21
61983CO0171,61973CJ0120,N13
61983CO0171,61973CJ0120,N14
61983CO0171,61977CO0031,N12
61982CO0228,61979CO0792,N13
61982CO0229,61979CO0792,N7
61979CO0792,61975CO0109,N20
61970CO0040,61970CJ0040,N1
61970CO0040,61973CJ0192,N1
61970CO0040,61974CJ0015,N1
61970CO0040,61975CJ0119,N1
