62017CO0344,62013CJ0280,N43
62017CO0344,62013CJ0280,N31
62015CO0473,62015CJ0182,N53
62015CO0473,62015CJ0182,N20
62015CO0473,62015CJ0182,N60
62015CO0473,62015CJ0182,N23
62015CO0473,62015CJ0182,N58
62015CO0473,62015CJ0182,N24
62015CO0473,62015CJ0182,N59
62015CO0473,62015CJ0182,N52
62015CO0473,62015CJ0182,N19
62015CO0473,62015CJ0182,N31
62014CO0019,61981CJ0141,N23
62014CO0019,62000CO0016,N20
62014CO0019,62000CO0016,N23
62014CO0019,62003CJ0453,N19
62014CO0019,62004CJ0344,N22
62014CO0019,62005CJ0295,N20
62014CO0019,62005CJ0380,N17
62014CO0019,62006CJ0145,N16
62014CO0019,62007CJ0011,N18
62014CO0019,62010CJ0484,N22
62014CO0019,62011CJ0351,N16
62014CO0019,62011CO0433,N18
62014CO0019,62011CO0627,N17
62014CO0019,62011CO0627,N23
62014CO0019,62011CO0627,N30
62014CO0019,62012CJ0079,N17
62014CO0019,62012CJ0079,N19
62014CO0019,62012CJ0079,N20
62014CO0019,62012CO0368,N22
62014CO0019,62013CO0257,N16
62014CO0019,62013CO0257,N17
62014CO0019,62013CO0257,N18
62014CO0019,62013CO0257,N19
62014CO0019,62013CO0257,N20
62014CO0019,62013CO0257,N22
62014CO0019,62013CO0257,N23
62014CO0019,62013CO0257,N30
62012CO0264,62011CO0434,N18
62012CO0264,62012CO0128,N18
62012CO0264,62012CO0128,N19
62012CO0264,62012CO0128,N20
62013CO0370,61998CJ0224,N30
62013CO0370,61999CJ0184,N30
62013CO0370,62002CJ0148,N29
62013CO0370,62002CJ0148,N32
62013CO0370,62003CJ0403,N31
62013CO0370,62005CJ0192,N36
62013CO0370,62008CO0535,N35
62013CO0370,62009CJ0034,N28
62013CO0005,61993CJ0415,N22
62013CO0005,62001CJ0232,N30
62013CO0005,62002CJ0464,N22
62013CO0005,62002CJ0464,N23
62013CO0005,62003CJ0152,N18
62013CO0005,62003CJ0215,N27
62013CO0005,62003CJ0293,N19
62013CO0005,62004CJ0151,N23
62013CO0005,62005CJ0212,N18
62013CO0005,62005CJ0451,N33
62013CO0005,62007CJ0222,N19
62013CO0005,62009CJ0155,N31
62013CO0005,62010CJ0318,N33
62012CO0128,62006CJ0117,N10
62012CO0128,62009CO0457,N10
62012CO0128,62010CO0339,N10
62012CO0128,62010CO0339,N11
62012CO0128,62011CO0161,N9
62012CO0128,62011CO0434,N9
62012CO0128,62011CO0434,N11
62012CO0128,62012CO0134,N11
62012CO0369,62011CJ0434,N14
62012CO0369,62011CJ0462,N14
62012CO0369,62012CJ0134,N14
62012CO0134,61973CJ0130,N14
62012CO0134,62011CO0434,N12
62012CO0134,62011CO0462,N12
62011CO0434,62006CJ0117,N14
62011CO0434,62009CO0457,N14
62011CO0434,62009CO0457,N15
62011CO0434,62010CJ0400,N13
62011CO0434,62010CJ0400,N15
62011CO0434,62010CO0339,N14
62011CO0434,62010CO0339,N15
62011CO0434,62011CO0161,N13
62011CO0434,62011CO0161,N15
62010CO0199,61996CJ0336,N31
62010CO0199,61998CJ0397,N23
62010CO0199,62003CJ0446,N30
62010CO0199,62004CJ0196,N25
62010CO0199,62004CJ0374,N32
62010CO0199,62004CJ0374,N37
62010CO0199,62004CJ0374,N38
62010CO0199,62004CJ0374,N39
62010CO0199,62004CJ0470,N31
62010CO0199,62004CJ0524,N25
62010CO0199,62005CJ0170,N36
62010CO0199,62005CJ0170,N37
62010CO0199,62005CJ0298,N25
62010CO0199,62005CJ0379,N33
62010CO0199,62005CJ0379,N34
62010CO0199,62005CJ0379,N35
62010CO0199,62005CJ0379,N36
62010CO0199,62005CJ0379,N37
62010CO0199,62005CJ0379,N38
62010CO0199,62005CJ0379,N39
62010CO0199,62006CJ0293,N26
62010CO0199,62006CJ0443,N23
62010CO0199,62007CJ0540,N40
62010CO0199,62007CJ0540,N42
62010CO0199,62008CJ0311,N23
62010CO0199,62008CJ0311,N24
62010CO0199,62008CJ0487,N40
62008CO0217,61996CJ0064,N22
62008CO0217,61999CJ0184,N18
62008CO0217,62002CJ0148,N18
62008CO0217,62002CJ0148,N22
62008CO0217,62003CJ0209,N18
62008CO0217,62003CJ0403,N18
62008CO0217,62003CJ0403,N20
62008CO0217,62003CJ0403,N21
62008CO0217,62003CJ0403,N22
62008CO0217,62006CJ0267,N28
62008CO0217,62006CJ0303,N26
62008CO0217,62006CJ0427,N25
62008CO0104,61988CJ0297,N26
62008CO0104,61988CJ0297,N30
62008CO0104,61990CJ0041,N20
62008CO0104,61990CJ0332,N20
62008CO0104,61991CJ0060,N20
62008CO0104,61994CJ0029,N20
62008CO0104,61995CJ0299,N27
62008CO0104,61995CJ0299,N28
62008CO0104,61995CO0307,N26
62008CO0104,61995CO0307,N30
62008CO0104,62002CO0003,N23
62008CO0104,62004CJ0453,N26
62008CO0104,62004CJ0453,N30
62008CO0104,62004CO0328,N27
62008CO0104,62004CO0328,N28
62008CO0104,62005CO0117,N22
62008CO0104,62006CO0302,N27
62008CO0104,62006CO0302,N28
62008CO0104,62007CO0361,N26
62008CO0104,62007CO0361,N27
62008CO0104,62007CO0361,N28
62008CO0104,62007CO0361,N30
62005CO0336,61990CJ0018,N39
62005CO0336,61990CJ0018,N44
62005CO0336,61990CJ0018,N50
62005CO0336,61991CJ0282,N54
62005CO0336,61993CJ0058,N39
62005CO0336,61993CJ0058,N50
62005CO0336,61994CJ0103,N39
62005CO0336,61994CJ0103,N50
62005CO0336,61994CJ0103,N60
62005CO0336,61995CJ0126,N39
62005CO0336,61995CJ0126,N50
62005CO0336,61995CJ0126,N55
62005CO0336,61995CJ0126,N56
62005CO0336,61995CJ0126,N57
62005CO0336,61996CJ0248,N47
62005CO0336,61996CJ0262,N41
62005CO0336,61996CJ0262,N56
62005CO0336,61996CJ0262,N63
62005CO0336,61997CJ0113,N39
62005CO0336,61997CJ0113,N50
62005CO0336,61997CJ0113,N56
62005CO0336,61997CJ0113,N57
62005CO0336,61997CJ0113,N60
62005CO0336,61998CJ0379,N32
62005CO0336,62000CJ0112,N32
62005CO0336,62000CJ0112,N64
62005CO0336,62000CJ0162,N54
62005CO0336,62001CJ0422,N63
62005CO0336,62002CO0023,N39
62005CO0336,62002CO0023,N44
62005CO0336,62002CO0023,N50
62005CO0336,62002CO0023,N55
62005CO0336,62002CO0023,N56
62005CO0336,62002CO0023,N57
62005CO0336,62002CO0358,N39
62005CO0336,62002CO0358,N50
62005CO0336,62004CJ0185,N63
62004CO0328,61995CJ0299,N12
62004CO0328,61995CJ0299,N13
62001CO0204,61986CJ0031,N27
62001CO0204,61986CJ0031,N38
62001CO0204,61986CJ0031,N39
62001CO0204,61986CJ0031,N40
62001CO0204,61993CJ0040,N27
62001CO0204,61993CJ0040,N31
62001CO0204,61993CJ0040,N33
62001CO0204,61999CJ0202,N27
62001CO0204,61999CJ0202,N32
62001CO0204,61999CJ0202,N35
62001CO0477,61993CJ0019,N21
62001CO0477,61997CO0089,N22
62001CO0477,61997CO0089,N23
62001CO0477,61999CJ0174,N21
