62016CO0345,62000CJ0385,N24
62016CO0345,62012CJ0303,N24
62016CO0345,62014CO0366,N16
62016CO0345,62015CO0250,N8
62016CO0345,62015CO0250,N13
62016CO0345,62015CO0250,N17
62016CO0345,62015CO0669,N16
62016CO0345,62015CO0669,N17
62015CO0299,62012CJ0370,N83
62015CO0299,62012CJ0370,N21
62015CO0299,62012CJ0514,N17
62015CO0299,62012CJ0514,N22
62015CO0299,62012CJ0561,N28
62015CO0299,62012CJ0561,N22
62015CO0299,62013CO0555,N27
62015CO0299,62013CO0555,N20
62015CO0299,62014CO0019,N22
62015CO0299,62014CO0019,N33
62015CO0299,62014CO0068,N16
62015CO0299,62014CO0068,N25
62015CO0299,62014CO0578,N15
62015CO0299,62014CO0578,N23
62015CO0299,62014CO0578,N16
62015CO0299,62014CO0578,N24
62014CO0092,61988CJ0297,N39
62014CO0092,61998CJ0448,N39
62014CO0092,62003CJ0451,N39
62014CO0092,62004CJ0003,N39
62014CO0092,62004CJ0094,N39
62014CO0092,62005CJ0389,N37
62014CO0092,62009CJ0092,N35
62014CO0092,62009CJ0245,N37
62014CO0092,62009CO0457,N44
62014CO0092,62010CO0339,N44
62014CO0092,62011CJ0084,N35
62014CO0092,62012CJ0139,N36
62014CO0092,62012CJ0313,N39
62014CO0092,62013CO0153,N27
62014CO0092,62013CO0153,N1
62011CO0114,62001CJ0387,N25
62011CO0114,62002CJ0365,N25
62011CO0114,62005CJ0392,N22
62011CO0114,62005CJ0392,N25
62011CO0114,62005CJ0392,N32
62011CO0114,62006CJ0527,N23
62011CO0114,62006CJ0527,N24
62011CO0114,62010CJ0578,N21
62011CO0114,62010CJ0578,N26
62011CO0114,62010CJ0578,N27
62011CO0114,62010CJ0578,N28
62011CO0656,61991CO0213,N42
62011CO0656,61994CO0174,N37
62011CO0656,62001CO0404,N42
62011CO0656,62003CO0156,N32
62011CO0656,62004CO0007,N31
62011CO0656,62004CO0404,N27
62011CO0656,62004CO0404,N28
62011CO0656,62007CO0479,N42
62009CO0345,61970CO0040,N3
62009CO0345,61988CO0262,N3
62009CO0345,61996CO0116,N3
62009CO0345,62009CJ0345,N1
62009CO0345,62009CJ0345,N2
62010CO0026,61987CJ0247,N4
62010CO0026,61992CO0029,N4
62010CO0026,61994CO0199,N4
62010CO0026,61995CJ0068,N4
62010CO0026,61998CJ0352,N7
62010CO0026,61998CJ0352,N8
62010CO0026,61998CJ0352,N10
62010CO0026,62008CO0349,N7
62008CO0364,61994CJ0055,N24
62008CO0364,61996CJ0264,N25
62008CO0364,61999CJ0451,N22
62008CO0364,61999CJ0451,N29
62008CO0364,61999CJ0451,N30
62008CO0364,61999CJ0451,N32
62008CO0364,62002CJ0442,N24
62008CO0364,62002CJ0464,N22
62008CO0364,62002CJ0464,N26
62008CO0364,62002CJ0464,N32
62008CO0364,62002CJ0464,N33
62008CO0364,62003CJ0232,N22
62008CO0364,62003CJ0232,N26
62008CO0364,62003CJ0232,N32
62008CO0364,62003CJ0232,N33
62008CO0364,62004CJ0151,N22
62008CO0364,62004CJ0151,N26
62008CO0364,62004CJ0151,N32
62008CO0364,62004CJ0151,N34
62008CO0364,62004CJ0196,N25
62008CO0364,62004CO0435,N29
62008CO0364,62004CO0435,N30
62008CO0364,62004CO0435,N34
62008CO0364,62005CJ0298,N24
62008CO0364,62005CO0242,N22
62008CO0364,62005CO0242,N29
62008CO0364,62005CO0242,N33
62008CO0364,62006CJ0414,N25
62008CO0364,62008CO0042,N22
62007CO0551,62008CJ0127,N27
62007CO0551,62008CJ0127,N28
62007CO0551,62008CJ0127,N29
62007CO0551,62008CJ0127,N30
62007CO0551,62008CJ0127,N32
62007CO0551,62008CJ0127,N35
62007CO0551,62008CJ0127,N38
62008CO0180,62004CJ0141,N52
62008CO0180,62005CJ0274,N50
62008CO0180,62005CJ0274,N51
62008CO0180,62006CJ0286,N52
62008CO0152,62000CJ0438,N21
62008CO0152,62000CJ0438,N22
62008CO0152,62000CJ0438,N24
62008CO0152,62000CJ0438,N28
62008CO0152,62000CJ0438,N31
62008CO0152,62001CJ0171,N29
62008CO0152,62001CJ0171,N30
62008CO0152,62003CJ0265,N21
62008CO0152,62003CJ0265,N23
62008CO0152,62003CJ0265,N24
62008CO0152,62003CJ0265,N28
62008CO0152,62003CJ0265,N31
62007CO0386,61990CJ0320,N31
62007CO0386,61993CO0378,N29
62007CO0386,61996CO0101,N32
62007CO0386,61997CO0128,N32
62007CO0386,61998CO0009,N32
62007CO0386,61999CJ0035,N17
62007CO0386,61999CJ0035,N18
62007CO0386,61999CJ0035,N22
62007CO0386,61999CJ0035,N23
62007CO0386,61999CJ0035,N24
62007CO0386,61999CJ0035,N25
62007CO0386,61999CJ0035,N26
62007CO0386,61999CJ0472,N30
62007CO0386,62001CJ0380,N29
62007CO0386,62001CJ0380,N30
62007CO0386,62003CO0250,N19
62007CO0386,62003CO0250,N20
62007CO0386,62003CO0250,N25
62007CO0386,62003CO0250,N26
62007CO0386,62004CJ0094,N17
62007CO0386,62004CJ0094,N18
62007CO0386,62004CJ0094,N19
62007CO0386,62004CJ0094,N20
62007CO0386,62004CJ0094,N21
62007CO0386,62004CJ0094,N22
62007CO0386,62004CJ0094,N23
62007CO0386,62004CJ0094,N24
62007CO0386,62004CJ0094,N25
62007CO0386,62004CJ0094,N26
62007CO0386,62004CJ0470,N31
62007CO0386,62005CJ0446,N19
62007CO0386,62005CJ0446,N20
62007CO0386,62005CO0436,N31
62007CO0386,62006CO0166,N32
62007CO0386,62006CO0438,N29
62007CO0386,62006CO0438,N30
62006CO0438,61993CJ0458,N7
62006CO0438,61993CO0378,N5
62006CO0438,61994CO0167,N8
62006CO0438,61996CJ0176,N7
62006CO0438,61998CJ0379,N6
62006CO0438,61999CJ0472,N6
62006CO0438,62000CJ0116,N7
62006CO0438,62001CJ0380,N5
62006CO0438,62006CO0166,N5
62006CO0438,62006CO0166,N7
62006CO0438,62006CO0166,N8
62006CO0438,62006CO0436,N10
62005CO0436,61981CJ0141,N11
62005CO0436,61990CJ0320,N9
62005CO0436,61991CJ0083,N7
62005CO0436,61993CJ0415,N8
62005CO0436,61993CO0378,N7
62005CO0436,61994CO0167,N9
62005CO0436,61994CO0167,N10
62005CO0436,61994CO0167,N11
62005CO0436,61997CO0361,N7
62005CO0436,62000CO0116,N9
62005CO0436,62000CO0116,N10
62005CO0436,62000CO0116,N11
62005CO0436,62004CJ0316,N8
62005CO0436,62004CJ0470,N9
62005CO0436,62004CO0075,N7
62005CO0436,62004CO0075,N10
62005CO0436,62004CO0075,N11
62005CO0215,61987CJ0247,N2
62005CO0215,61995CJ0068,N2
62005CO0215,62001CO0448,N7
62005CO0215,62004CO0315,N10
62005CO0336,61990CJ0018,N39
62005CO0336,61990CJ0018,N44
62005CO0336,61990CJ0018,N50
62005CO0336,61991CJ0282,N54
62005CO0336,61993CJ0058,N39
62005CO0336,61993CJ0058,N50
62005CO0336,61994CJ0103,N39
62005CO0336,61994CJ0103,N50
62005CO0336,61994CJ0103,N60
62005CO0336,61995CJ0126,N39
62005CO0336,61995CJ0126,N50
62005CO0336,61995CJ0126,N55
62005CO0336,61995CJ0126,N56
62005CO0336,61995CJ0126,N57
62005CO0336,61996CJ0248,N47
62005CO0336,61996CJ0262,N41
62005CO0336,61996CJ0262,N56
62005CO0336,61996CJ0262,N63
62005CO0336,61997CJ0113,N39
62005CO0336,61997CJ0113,N50
62005CO0336,61997CJ0113,N56
62005CO0336,61997CJ0113,N57
62005CO0336,61997CJ0113,N60
62005CO0336,61998CJ0379,N32
62005CO0336,62000CJ0112,N32
62005CO0336,62000CJ0112,N64
62005CO0336,62000CJ0162,N54
62005CO0336,62001CJ0422,N63
62005CO0336,62002CO0023,N39
62005CO0336,62002CO0023,N44
62005CO0336,62002CO0023,N50
62005CO0336,62002CO0023,N55
62005CO0336,62002CO0023,N56
62005CO0336,62002CO0023,N57
62005CO0336,62002CO0358,N39
62005CO0336,62002CO0358,N50
62005CO0336,62004CJ0185,N63
62003CO0396,61991CJ0030,N12
62003CO0396,62002CJ0093,N12
62003CO0396,62003CJ0226,N12
62002CO0035,61989CJ0106,N36
62002CO0035,61993CJ0040,N25
62002CO0035,61993CJ0040,N26
62002CO0035,61993CJ0040,N28
62002CO0035,61993CJ0040,N29
62002CO0035,61995CJ0168,N35
62002CO0035,61999CJ0202,N29
62002CO0035,61999CJ0202,N33
62002CO0035,62000CJ0062,N35
62002CO0035,62001CO0204,N28
62002CO0035,62001CO0204,N29
62001CO0445,61991CJ0083,N20
62001CO0445,61993CJ0415,N21
62001CO0445,61993CO0378,N20
62001CO0445,61994CO0167,N23
62001CO0445,61996CO0101,N23
62001CO0445,61997CO0361,N20
62001CO0445,61998CJ0379,N21
62001CO0204,61986CJ0031,N27
62001CO0204,61986CJ0031,N38
62001CO0204,61986CJ0031,N39
62001CO0204,61986CJ0031,N40
62001CO0204,61993CJ0040,N27
62001CO0204,61993CJ0040,N31
62001CO0204,61993CJ0040,N33
62001CO0204,61999CJ0202,N27
62001CO0204,61999CJ0202,N32
62001CO0204,61999CJ0202,N35
62001CO0431,61982CJ0008,N32
62001CO0431,61983CJ0283,N32
62001CO0431,61987CJ0143,N26
62001CO0431,61990CJ0370,N26
62001CO0431,61992CJ0019,N37
62001CO0431,61993CJ0279,N25
62001CO0431,61993CJ0384,N27
62001CO0431,61996CJ0264,N25
62001CO0431,61998CJ0035,N25
62001CO0431,61999CJ0122,N32
62001CO0431,61999CJ0141,N22
62001CO0431,61999CJ0141,N23
62001CO0431,61999CJ0141,N25
62001CO0431,61999CJ0141,N27
62001CO0431,61999CJ0141,N29
62001CO0431,61999CJ0141,N33
62001CO0431,61999CJ0393,N26
62001CO0431,62000CJ0055,N25
61998CO0197,61993CJ0365,N1
61998CO0009,61990CJ0320,N06
61998CO0009,61990CJ0320,N4
61998CO0009,61992CO0157,N04
61998CO0009,61992CO0157,N4
61998CO0009,61997CO0066,N07
61998CO0009,61997CO0066,N4
61998CO0009,61997CO0128,N05
61998CO0009,61997CO0128,N4
61996CO0002,61981CJ0141,N06
61996CO0002,61981CJ0141,N5
61996CO0002,61990CJ0320,N06
61996CO0002,61990CJ0320,N4
61996CO0002,61992CO0157,N04
61996CO0002,61992CO0157,N4
61996CO0002,61993CO0458,N12
61996CO0002,61993CO0458,N4
61996CO0002,61993CO0458,N13
61996CO0002,61993CO0458,N5
61996CO0002,61994CO0167,N08
61996CO0002,61994CO0167,N4
61996CO0002,61994CO0167,N10
61996CO0002,61994CO0167,N5
61996CO0002,61995CO0307,N08
61996CO0002,61995CO0307,N5
61996CO0002,61995CO0307,N07
61996CO0002,61995CO0307,N06
61996CO0002,61995CO0307,N4
61991CO0117(01),61981CJ0060,N13
61991CO0117(01),61990CO0050,N20
61991CO0117(01),61991CO0117,N3
61991CO0117,61988CO0160,N7
61985CO0293,61983CJ0293,N4
61985CO0293,61983CJ0293,N5
61985CO0293,61983CJ0293,N13
61985CO0293,61983CJ0293,N15
61985CO0293,61983CJ0293,N16
61985CO0293,61983CJ0293,N17
61985CO0293,61983CJ0293,N18
61985CO0293,61983CJ0293,N21
