62011CO0001,62005CO0005,N22
62011CO0569,62003CJ0131,N19
62011CO0569,62008CJ0280,N18
62011CO0569,62010CO0367,N19
62011CO0570,61969CO0050,N15
62011CO0570,61997CO0089,N13
62010CO0496,62010CJ0163,N2
62010CO0496,62010CJ0163,N11
62010CO0496,62010CJ0163,N12
62010CO0496,62010CJ0163,N13
62010CO0496,62010CJ0163,N14
62010CO0496,62010CJ0163,N15
62010CO0496,62010CJ0163,N16
62010CO0496,62010CJ0163,N17
62010CO0496,62010CJ0163,N18
61997CO0315,61987CJ0193,N1
61997CO0315,61987CJ0193,N2
61997CO0315,61987CJ0193,N3
61997CO0315,61987CJ0193,N4
61997CO0315,61987CJ0193,N5
61997CO0315,61987CJ0193,N6
61997CO0315,61987CJ0193,N7
61997CO0315,61987CJ0193,N8
61997CO0315,61987CJ0193,N9
61997CO0315,61987CJ0193,N10
61997CO0315,61987CJ0193,N11
61997CO0315,61987CJ0193,N12
61997CO0315,61987CJ0193,N13
61997CO0315,61987CJ0193,N14
61997CO0315,61987CJ0193,N15
61997CO0315,61987CJ0193,N16
61997CO0315,61987CJ0193,N17
61997CO0315,61987CJ0193,N18
61997CO0315,61987CJ0193,N19
61997CO0315,61987CJ0193,N20
61997CO0315,61987CJ0193,N21
61997CO0315,61987CJ0193,N22
61997CO0315,61987CJ0193,N23
61997CO0315,61987CJ0193,N24
61997CO0315,61987CJ0193,N25
61997CO0315,61987CJ0193,N26
61997CO0315,61987CJ0193,N34
61995CO0173,61994CO0026,N13
61995CO0173,61994CO0026,N20
61995CO0173,61994CO0026,N12
61988CO0002(02),61988CO0002,N4
61988CO0002(02),61988CO0002,N10
61988CO0002(01),61964CJ0006,N15
61988CO0002(01),61981CJ0230,N17
61988CO0002(01),61983CJ0294,N16
61988CO0002(01),61988CJ0068,N17
