62010CO0526,62001CO0488,N14
62010CO0526,62004CO0315,N14
62007CO0440,62007CJ0440,N1
62007CO0100,62004CJ0243,N28
62007CO0100,62007CO0100,N37
62006CO0325,61974CJ0056,N5
62006CO0325,61974CJ0056,N7
62006CO0325,61974CJ0056,N13
62006CO0325,61974CJ0056,N14
62006CO0325,61974CJ0056,N15
62006CO0325,61974CJ0056,N16
62006CO0325,61974CJ0056,N17
62006CO0325,61974CJ0056,N18
62006CO0325,61974CJ0056,N19
62006CO0325,61974CJ0056,N20
62006CO0325,61974CJ0056,N21
62006CO0325,61974CJ0056,N22
62006CO0325,61974CJ0056,N23
62006CO0325,61974CJ0056,N24
62006CO0325,61974CJ0056,N25
62006CO0325,61974CJ0056,N26
62006CO0325,61974CJ0056,N27
62006CO0325,61974CJ0056,N28
62006CO0325,61974CJ0056,N29
62006CO0325,61974CJ0056,N30
62006CO0325,61974CJ0056,N31
62006CO0325,61974CJ0056,N32
62006CO0325,61974CJ0056,N33
62006CO0325,61974CJ0056,N34
62006CO0325,61974CJ0056,N35
62006CO0325,61974CJ0056,N36
62006CO0325,61974CJ0056,N37
62006CO0325,61974CJ0056,N38
62006CO0325,61974CJ0056,N39
62006CO0325,61974CJ0056,N40
62006CO0325,61974CJ0056,N41
62006CO0325,61974CJ0056,N42
62006CO0325,61974CJ0056,N43
62006CO0325,61974CJ0056,N44
62006CO0325,61974CJ0056,N45
62006CO0325,61974CJ0056,N46
62006CO0325,61974CJ0056,N47
62006CO0325,61974CJ0056,N48
62006CO0325,61974CJ0056,N49
62006CO0325,61974CJ0056,N50
62006CO0325,61974CJ0056,N51
62006CO0325,61974CJ0056,N52
62006CO0325,61974CJ0056,N53
62006CO0325,61974CJ0056,N54
62006CO0325,61974CJ0056,N55
62006CO0325,61974CJ0056,N56
62006CO0325,61974CJ0056,N57
62006CO0325,61974CJ0056,N58
62006CO0325,61974CJ0056,N59
62006CO0325,61974CJ0056,N60
62006CO0325,61974CJ0056,N61
62006CO0325,61974CJ0056,N62
62006CO0325,61974CJ0056,N63
62006CO0325,61974CJ0056,N64
62006CO0325,61974CJ0056,N65
62006CO0325,61974CJ0056,N66
62006CO0325,61983CJ0059,N77
62006CO0325,61984CJ0281,N48
62006CO0325,61986CJ0081,N77
62006CO0325,61998CJ0237,N76
62006CO0325,61998CJ0352,N36
62006CO0325,61998CJ0352,N49
62006CO0325,61999CJ0248,N36
62006CO0325,61999CJ0449,N60
62006CO0325,62000CJ0041,N36
62006CO0325,62000CJ0472,N49
62006CO0325,62001CJ0206,N29
62006CO0325,62001CJ0206,N32
62006CO0325,62002CJ0234,N49
62006CO0325,62003CJ0240,N60
62006CO0325,62005CJ0048,N32
62006CO0129,61960CJ0019,N30
62006CO0129,61988CJ0330,N30
62006CO0129,61991CJ0244,N17
62006CO0129,61992CJ0051,N31
62006CO0129,61997CJ0119,N22
62006CO0129,61999CJ0315,N22
62006CO0129,61999CJ0449,N28
62006CO0004,61998CJ0237,N26
62006CO0004,61998CJ0237,N27
62006CO0004,62001CO0488,N23
62006CO0004,62002CJ0234,N24
61989CO0104,61972CO0006,N86
61989CO0104,61972CO0006,N87
61989CO0104,61982CO0318,N51
61989CO0104,61989CJ0104,N1
61989CO0104,61989CJ0104,N6
61989CO0104,61990CO0294,N41
61989CO0104,61990CO0294,N43
61989CO0104,61990CO0294,N45
61989CO0104,61990CO0294,N51
61989CO0104,61992CO0222,N51
62001CO0136,61980CJ0256,N29
62001CO0136,61980CJ0256,N30
62001CO0136,61983CJ0145,N32
62001CO0136,61997CJ0104,N29
61998CO0095,61992CJ0053,N42
61998CO0095,61992CJ0053,N28
61998CO0095,61992CJ0136,N59
61998CO0095,61992CJ0136,N26
61995CO0019,61992CJ0136,N48
61995CO0019,61992CJ0136,N39
61995CO0019,61992CJ0136,N59
61995CO0019,61992CJ0136,N49
61995CO0019,61992CJ0136,N66
61995CO0019,61992CJ0136,N40
61995CO0019,61995CO0087,N30
61995CO0019,61995CO0087,N38
61995CO0019,61995CO0173,N20
61995CO0019,61995CO0173,N37
61990CO0051,61988CO0229,N24
61980CO0256,61980CJ0256,N1
61965CO0009(01),61965CJ0009,N384
